{"type":"FeatureCollection","features":[{"type":"Feature","geometry":{"type":"Polygon","coordinates":[[[-90.50841,15.98188],[-90.51236,15.98104],[-90.51366,15.98157],[-90.51359,15.98215],[-90.51204,15.98322],[-90.50602,15.98513],[-90.50141,15.98999],[-90.49996,15.99226],[-90.4996,15.99539],[-90.50041,15.99706],[-90.50182,15.99803],[-90.50368,15.99781],[-90.50619,15.99571],[-90.508,15.99206],[-90.50944,15.99059],[-90.51657,15.99152],[-90.5206,15.98886],[-90.52219,15.98852],[-90.52349,15.98931],[-90.52338,15.99089],[-90.5207,15.99421],[-90.5196,15.99678],[-90.51968,16.00051],[-90.52033,16.00141],[-90.52372,16.00183],[-90.52607,16.00025],[-90.52858,15.99271],[-90.53003,15.99165],[-90.53086,15.99196],[-90.5312,15.99341],[-90.52976,15.99944],[-90.53196,16.00201],[-90.53391,16.00259],[-90.5369,16.00214],[-90.5403,15.99585],[-90.54268,15.99365],[-90.54483,16.00111],[-90.54759,16.004],[-90.55075,16.00484],[-90.5524,16.00357],[-90.55261,15.99645],[-90.55683,15.99549],[-90.55798,15.99427],[-90.56,15.98932],[-90.56389,15.9882],[-90.5652,15.98852],[-90.56613,15.9896],[-90.56387,15.99591],[-90.56614,15.99831],[-90.56869,15.99803],[-90.57343,15.99394],[-90.57722,15.99435],[-90.57844,15.99509],[-90.5784,15.99866],[-90.57647,16.00212],[-90.57671,16.00545],[-90.57832,16.00716],[-90.58225,16.00856],[-90.58564,16.0125],[-90.5888,16.01363],[-90.59293,16.01403],[-90.60408,16.01093],[-90.60651,16.01069],[-90.60862,16.01127],[-90.61014,16.01293],[-90.61018,16.01469],[-90.60954,16.01637],[-90.6082,16.01744],[-90.60505,16.0182],[-90.59805,16.01775],[-90.5952,16.01906],[-90.59472,16.02335],[-90.59621,16.03253],[-90.59734,16.03464],[-90.59937,16.03593],[-90.60238,16.0356],[-90.60907,16.02942],[-90.61343,16.02358],[-90.61472,16.02309],[-90.61685,16.02371],[-90.6209,16.0264],[-90.63427,16.03971],[-90.63712,16.03957],[-90.64401,16.03641],[-90.64742,16.03628],[-90.65094,16.03763],[-90.65194,16.0405],[-90.65348,16.04094],[-90.65598,16.03926],[-90.65852,16.03538],[-90.66086,16.03576],[-90.66723,16.03881],[-90.66874,16.03883],[-90.67067,16.03705],[-90.67326,16.03026],[-90.67607,16.02747],[-90.68072,16.02434],[-90.68305,16.02113],[-90.69421,16.01747],[-90.69698,16.01761],[-90.70084,16.01914],[-90.70161,16.01855],[-90.70172,16.01512],[-90.69949,16.01108],[-90.69514,16.00601],[-90.69467,15.99419],[-90.69512,15.99367],[-90.69949,15.99558],[-90.70187,15.99588],[-90.70684,15.99502],[-90.70772,15.99412],[-90.70775,15.9877],[-90.70677,15.98339],[-90.70167,15.97699],[-90.70175,15.97467],[-90.70336,15.97223],[-90.70697,15.97111],[-90.71129,15.97203],[-90.71358,15.97322],[-90.71651,15.97661],[-90.72197,15.97865],[-90.72594,15.98171],[-90.73333,15.98269],[-90.73572,15.98186],[-90.73678,15.98053],[-90.73709,15.97755],[-90.73555,15.97144],[-90.73615,15.96981],[-90.73952,15.96605],[-90.74496,15.96562],[-90.74687,15.96709],[-90.74909,15.96727],[-90.75853,15.96124],[-90.75851,15.95464],[-90.75169,15.9521],[-90.74914,15.94827],[-90.74711,15.94284],[-90.74599,15.94269],[-90.74116,15.9446],[-90.73761,15.94458],[-90.73464,15.94273],[-90.73401,15.9395],[-90.73479,15.93255],[-90.73714,15.92816],[-90.74806,15.92189],[-90.75037,15.91919],[-90.75256,15.9152],[-90.75161,15.90691],[-90.75185,15.90143],[-90.75839,15.88936],[-90.75816,15.88276],[-90.7565,15.88184],[-90.75299,15.88179],[-90.7443,15.8851],[-90.74245,15.88505],[-90.74047,15.88388],[-90.73688,15.88041],[-90.73658,15.8793],[-90.73671,15.8725],[-90.73833,15.87043],[-90.73872,15.86784],[-90.73564,15.86585],[-90.73158,15.86473],[-90.72982,15.86206],[-90.73005,15.85911],[-90.73573,15.85249],[-90.73658,15.84865],[-90.73776,15.84772],[-90.74035,15.84715],[-90.7405,15.84416],[-90.74171,15.84134],[-90.74294,15.84081],[-90.74577,15.84111],[-90.74716,15.8404],[-90.74896,15.83839],[-90.75003,15.83466],[-90.75122,15.83299],[-90.7535,15.83277],[-90.75605,15.83508],[-90.75959,15.83536],[-90.76578,15.8312],[-90.76816,15.82884],[-90.7698,15.82472],[-90.77232,15.8208],[-90.77358,15.81575],[-90.77509,15.81462],[-90.77742,15.81465],[-90.77879,15.81363],[-90.77943,15.80808],[-90.78168,15.80451],[-90.78173,15.80189],[-90.777,15.79823],[-90.77729,15.79646],[-90.78318,15.79227],[-90.78339,15.78779],[-90.78877,15.78594],[-90.79007,15.78473],[-90.79072,15.783],[-90.79428,15.78118],[-90.79493,15.77399],[-90.79568,15.77243],[-90.8052,15.77097],[-90.80819,15.76918],[-90.80942,15.76618],[-90.811,15.7538],[-90.81538,15.75193],[-90.81884,15.7496],[-90.82003,15.74819],[-90.82008,15.7467],[-90.81527,15.74279],[-90.8074,15.73999],[-90.80379,15.73993],[-90.79822,15.74551],[-90.7952,15.74688],[-90.7924,15.74624],[-90.78756,15.74272],[-90.78451,15.74221],[-90.78347,15.74086],[-90.78293,15.73664],[-90.77854,15.72589],[-90.77884,15.72377],[-90.78662,15.72069],[-90.78967,15.7225],[-90.79201,15.72284],[-90.79624,15.72001],[-90.79696,15.71862],[-90.7967,15.71766],[-90.79332,15.71587],[-90.78669,15.71865],[-90.7833,15.71797],[-90.77875,15.71039],[-90.77427,15.70731],[-90.77116,15.70408],[-90.77095,15.70207],[-90.77236,15.70144],[-90.77455,15.70211],[-90.77827,15.70166],[-90.78813,15.69167],[-90.79033,15.69021],[-90.79402,15.68349],[-90.79384,15.67864],[-90.79295,15.67755],[-90.78992,15.67645],[-90.7868,15.67628],[-90.78235,15.67736],[-90.77422,15.67531],[-90.75486,15.66705],[-90.74571,15.66516],[-90.74173,15.66272],[-90.73766,15.66202],[-90.73332,15.66021],[-90.72181,15.6574],[-90.71655,15.65744],[-90.71182,15.6556],[-90.70811,15.65526],[-90.69789,15.65203],[-90.6958,15.65226],[-90.69503,15.65195],[-90.69353,15.64921],[-90.69144,15.64799],[-90.68618,15.64726],[-90.68263,15.64854],[-90.67794,15.64836],[-90.6678,15.64968],[-90.65667,15.64794],[-90.65523,15.64724],[-90.65486,15.6453],[-90.65527,15.64436],[-90.65949,15.64199],[-90.65977,15.64012],[-90.65769,15.63805],[-90.65134,15.63655],[-90.6453,15.63266],[-90.64528,15.62276],[-90.64401,15.61855],[-90.63874,15.61534],[-90.63773,15.61359],[-90.63792,15.61123],[-90.63724,15.61047],[-90.62999,15.60973],[-90.63102,15.60552],[-90.62968,15.60242],[-90.63126,15.59943],[-90.63195,15.59256],[-90.63346,15.5905],[-90.64124,15.58648],[-90.64162,15.58149],[-90.63942,15.57852],[-90.63388,15.57464],[-90.63195,15.57401],[-90.62526,15.57391],[-90.62285,15.57284],[-90.62088,15.57073],[-90.61818,15.56298],[-90.61545,15.55966],[-90.61343,15.55505],[-90.61398,15.55198],[-90.61261,15.54953],[-90.61382,15.54664],[-90.61316,15.54428],[-90.61,15.54129],[-90.60794,15.53727],[-90.60721,15.5258],[-90.6043,15.51661],[-90.60527,15.51034],[-90.60412,15.50479],[-90.60491,15.5032],[-90.61087,15.50118],[-90.6119,15.49795],[-90.61286,15.49697],[-90.61956,15.4991],[-90.62235,15.49502],[-90.62611,15.49284],[-90.62909,15.48772],[-90.63136,15.48623],[-90.63475,15.48556],[-90.63627,15.48425],[-90.54417,15.46566],[-90.45525,15.44679],[-90.45435,15.44619],[-90.45433,15.4451],[-90.46578,15.41829],[-90.46647,15.41621],[-90.46582,15.4151],[-90.37504,15.37977],[-90.37334,15.37853],[-90.37932,15.35543],[-90.28756,15.3332],[-90.27282,15.33031],[-90.26392,15.32747],[-90.26195,15.32751],[-90.26112,15.32806],[-90.26108,15.32897],[-90.26408,15.34745],[-90.26451,15.35406],[-90.27075,15.38952],[-90.32854,15.36748],[-90.35209,15.39132],[-90.33356,15.43182],[-90.33287,15.43459],[-90.33447,15.43678],[-90.34407,15.46516],[-90.3205,15.5033],[-90.32038,15.54335],[-90.36624,15.63466],[-90.32867,15.667],[-90.30616,15.72086],[-90.39201,15.77849],[-90.40776,15.78967],[-90.46805,15.90606],[-90.50841,15.98188]]]},"properties":{"municipio":"Cobán","departamento":"Alta Verapaz","id_municipio":"1601"}},{"type":"Feature","geometry":{"type":"Polygon","coordinates":[[[-89.71086,15.72459],[-89.93415,15.71809],[-89.93661,15.6705],[-89.93851,15.66894],[-89.94546,15.66564],[-89.94975,15.66254],[-89.94975,15.66092],[-89.90906,15.58074],[-89.90757,15.56996],[-89.90619,15.56793],[-89.90613,15.56678],[-89.90836,15.56694],[-89.91172,15.56932],[-89.91341,15.56941],[-89.91864,15.56674],[-89.92098,15.56621],[-89.92285,15.56473],[-89.92359,15.56278],[-89.92351,15.55956],[-89.92276,15.55773],[-89.91785,15.55233],[-89.91759,15.54834],[-89.91957,15.54613],[-89.92352,15.54663],[-89.92638,15.54574],[-89.93097,15.54245],[-89.93123,15.53922],[-89.92992,15.53801],[-89.92971,15.53508],[-89.92712,15.53456],[-89.92842,15.52891],[-89.92789,15.52517],[-89.92448,15.52252],[-89.9274,15.51851],[-89.92757,15.51527],[-89.92572,15.5122],[-89.92759,15.51104],[-89.92845,15.50707],[-89.92702,15.50577],[-89.92742,15.50287],[-89.92648,15.50185],[-89.92643,15.4997],[-89.92464,15.49763],[-89.92347,15.49666],[-89.91757,15.49445],[-89.91249,15.49369],[-89.91158,15.49257],[-89.90713,15.49267],[-89.80983,15.50372],[-89.80844,15.50441],[-89.80144,15.50476],[-89.78444,15.5073],[-89.63806,15.52495],[-89.583,15.52085],[-89.58213,15.524],[-89.57544,15.53771],[-89.5716,15.54769],[-89.565,15.56158],[-89.5641,15.56496],[-89.53413,15.6332],[-89.53626,15.63534],[-89.55025,15.63475],[-89.55169,15.63401],[-89.55536,15.63507],[-89.5577,15.63453],[-89.56988,15.63491],[-89.57288,15.63617],[-89.57421,15.63815],[-89.57551,15.63882],[-89.57632,15.63828],[-89.57936,15.63911],[-89.58237,15.64207],[-89.58623,15.64226],[-89.58794,15.64392],[-89.58992,15.64385],[-89.59237,15.64501],[-89.59638,15.64547],[-89.60341,15.6426],[-89.60687,15.64407],[-89.60923,15.64335],[-89.61121,15.64349],[-89.61306,15.64156],[-89.61517,15.64104],[-89.61783,15.64213],[-89.62188,15.64211],[-89.62514,15.64361],[-89.6279,15.64188],[-89.62889,15.64195],[-89.62997,15.64084],[-89.63294,15.64228],[-89.63554,15.64174],[-89.63587,15.6397],[-89.63765,15.6378],[-89.64697,15.6381],[-89.65151,15.63489],[-89.65603,15.63552],[-89.65703,15.63486],[-89.65856,15.63497],[-89.66118,15.63345],[-89.66506,15.63361],[-89.6675,15.63156],[-89.66934,15.63217],[-89.67178,15.63168],[-89.67405,15.63288],[-89.67495,15.63389],[-89.67548,15.6364],[-89.67678,15.6375],[-89.68082,15.63779],[-89.68201,15.63863],[-89.68576,15.63857],[-89.68712,15.63718],[-89.685,15.63517],[-89.68496,15.63411],[-89.688,15.63343],[-89.69061,15.63196],[-89.6949,15.63225],[-89.69695,15.63013],[-89.69721,15.62877],[-89.69898,15.62742],[-89.69964,15.62549],[-89.70281,15.62412],[-89.70451,15.62405],[-89.70541,15.62225],[-89.70754,15.62193],[-89.71143,15.61873],[-89.71422,15.61872],[-89.71829,15.61595],[-89.72292,15.61437],[-89.72455,15.6131],[-89.72655,15.61328],[-89.72934,15.61718],[-89.72912,15.62124],[-89.72625,15.62675],[-89.72341,15.63063],[-89.72442,15.64083],[-89.71975,15.70037],[-89.71616,15.71247],[-89.71553,15.71703],[-89.71086,15.72459]]]},"properties":{"municipio":"Cahabón","departamento":"Alta Verapaz","id_municipio":"1612"}},{"type":"Feature","geometry":{"type":"Polygon","coordinates":[[[-89.49353,15.70995],[-89.4998,15.69928],[-89.53002,15.64251],[-89.53211,15.63674],[-89.5333,15.63548],[-89.53626,15.63534],[-89.53413,15.6332],[-89.53925,15.62069],[-89.5641,15.56496],[-89.565,15.56158],[-89.5716,15.54769],[-89.57544,15.53771],[-89.58213,15.524],[-89.583,15.52085],[-89.58283,15.51707],[-89.58156,15.5145],[-89.57632,15.51036],[-89.57273,15.50901],[-89.57247,15.508],[-89.56695,15.50174],[-89.56689,15.498],[-89.57411,15.49244],[-89.58053,15.48958],[-89.58618,15.48532],[-89.58891,15.48194],[-89.58959,15.47987],[-89.58909,15.47697],[-89.58617,15.47448],[-89.58269,15.47345],[-89.58033,15.4739],[-89.57091,15.4728],[-89.55997,15.46446],[-89.55534,15.46543],[-89.55011,15.46016],[-89.55039,15.45785],[-89.54538,15.45405],[-89.54132,15.45487],[-89.53888,15.45752],[-89.53547,15.45962],[-89.53253,15.46331],[-89.53206,15.46489],[-89.52961,15.46468],[-89.52345,15.45652],[-89.52189,15.45539],[-89.51866,15.45463],[-89.51636,15.45197],[-89.51687,15.45014],[-89.52245,15.44506],[-89.52659,15.43876],[-89.53007,15.43537],[-89.53117,15.43038],[-89.53244,15.42833],[-89.53291,15.42347],[-89.53104,15.4212],[-89.52671,15.41912],[-89.52006,15.41938],[-89.51641,15.41799],[-89.51409,15.41479],[-89.51513,15.40944],[-89.51693,15.40651],[-89.51867,15.39866],[-89.52346,15.38556],[-89.52454,15.37943],[-89.52421,15.37815],[-89.52257,15.37631],[-89.5183,15.37298],[-89.5133,15.36701],[-89.51204,15.3649],[-89.512,15.36248],[-89.51343,15.36033],[-89.5177,15.35731],[-89.52743,15.35345],[-89.53566,15.35149],[-89.54113,15.34895],[-89.54441,15.3461],[-89.54653,15.3431],[-89.54728,15.34116],[-89.54717,15.33602],[-89.54422,15.33222],[-89.5435,15.32937],[-89.54146,15.32794],[-89.53524,15.31879],[-89.53473,15.31565],[-89.53636,15.31201],[-89.53792,15.31034],[-89.53955,15.30943],[-89.54327,15.31045],[-89.54657,15.30994],[-89.55358,15.31156],[-89.55773,15.31163],[-89.56431,15.3105],[-89.56665,15.30843],[-89.56534,15.3042],[-89.56332,15.30238],[-89.56317,15.29914],[-89.5646,15.29603],[-89.568,15.29192],[-89.56848,15.28709],[-89.56771,15.28513],[-89.56769,15.27512],[-89.5671,15.27428],[-89.56727,15.26534],[-89.5718,15.25271],[-89.57362,15.24967],[-89.576,15.24094],[-89.57985,15.23509],[-89.58146,15.23146],[-89.58642,15.22502],[-89.58674,15.22374],[-89.61306,15.18565],[-89.62439,15.1633],[-89.6268,15.1606],[-89.61694,15.15922],[-89.61306,15.15959],[-89.60019,15.16437],[-89.59851,15.16572],[-89.59144,15.16901],[-89.5776,15.173],[-89.5742,15.17461],[-89.56855,15.17853],[-89.56346,15.18043],[-89.56063,15.17966],[-89.55194,15.17352],[-89.5493,15.17266],[-89.54467,15.17172],[-89.53537,15.17309],[-89.51063,15.18022],[-89.50523,15.1834],[-89.49415,15.18818],[-89.45843,15.1983],[-89.45272,15.20169],[-89.44561,15.20407],[-89.43233,15.21081],[-89.42123,15.21457],[-89.41471,15.21957],[-89.40842,15.22548],[-89.40181,15.23716],[-89.39949,15.23775],[-89.39747,15.23594],[-89.39637,15.23581],[-89.39526,15.23664],[-89.39594,15.24312],[-89.39524,15.24506],[-89.38286,15.26585],[-89.37968,15.26865],[-89.36596,15.27436],[-89.36269,15.27626],[-89.35946,15.27711],[-89.35613,15.27681],[-89.35313,15.27468],[-89.34752,15.27309],[-89.34317,15.27378],[-89.33757,15.27633],[-89.33,15.275],[-89.32441,15.27041],[-89.3173,15.27162],[-89.31526,15.27285],[-89.31006,15.27171],[-89.30868,15.27187],[-89.30737,15.27288],[-89.30666,15.27513],[-89.30784,15.28],[-89.30578,15.28513],[-89.29927,15.29067],[-89.29705,15.29156],[-89.29029,15.29262],[-89.2699,15.29209],[-89.26665,15.29271],[-89.25794,15.29687],[-89.25407,15.29643],[-89.25239,15.29509],[-89.25218,15.29325],[-89.25392,15.28368],[-89.25324,15.2826],[-89.25165,15.28206],[-89.2487,15.28331],[-89.24633,15.28613],[-89.24629,15.28693],[-89.24549,15.28712],[-89.24157,15.2919],[-89.23624,15.29514],[-89.22991,15.29464],[-89.22563,15.29225],[-89.22237,15.28929],[-89.21867,15.291],[-89.21496,15.29492],[-89.21221,15.30033],[-89.21177,15.30206],[-89.21222,15.30553],[-89.21018,15.30827],[-89.20914,15.3119],[-89.20725,15.31512],[-89.20739,15.32046],[-89.20992,15.32458],[-89.21054,15.32852],[-89.21209,15.33155],[-89.21203,15.3334],[-89.20601,15.35539],[-89.20201,15.36556],[-89.2014,15.37105],[-89.20022,15.37495],[-89.20042,15.37579],[-89.20237,15.37726],[-89.20267,15.3843],[-89.2046,15.3854],[-89.20656,15.38525],[-89.20821,15.38398],[-89.2117,15.38475],[-89.2124,15.38773],[-89.21374,15.38855],[-89.21548,15.39181],[-89.21597,15.39915],[-89.21436,15.402],[-89.21648,15.40822],[-89.21624,15.41423],[-89.21981,15.415],[-89.22248,15.41404],[-89.2341,15.41317],[-89.24223,15.41509],[-89.25394,15.41612],[-89.25935,15.41587],[-89.26324,15.41417],[-89.26949,15.40803],[-89.26888,15.40647],[-89.26781,15.4064],[-89.26097,15.40945],[-89.25474,15.4113],[-89.24859,15.41438],[-89.24617,15.41269],[-89.24476,15.41045],[-89.24465,15.40715],[-89.24641,15.4058],[-89.24982,15.40512],[-89.2515,15.404],[-89.25413,15.40382],[-89.25657,15.4009],[-89.26065,15.39972],[-89.26316,15.39777],[-89.26499,15.38978],[-89.26634,15.38731],[-89.27066,15.38232],[-89.27089,15.37559],[-89.27275,15.37287],[-89.27739,15.37017],[-89.28204,15.36984],[-89.28548,15.3708],[-89.28992,15.36948],[-89.29441,15.36612],[-89.29568,15.36445],[-89.29898,15.36265],[-89.30323,15.3592],[-89.30528,15.35555],[-89.30441,15.353],[-89.30592,15.35297],[-89.30735,15.35373],[-89.30825,15.35648],[-89.31155,15.35759],[-89.31603,15.36044],[-89.32363,15.36388],[-89.32913,15.36748],[-89.33154,15.36994],[-89.33375,15.3735],[-89.33456,15.37364],[-89.33576,15.3721],[-89.33625,15.37437],[-89.33579,15.37811],[-89.34034,15.38543],[-89.34165,15.39193],[-89.33231,15.39931],[-89.33112,15.39981],[-89.32629,15.39963],[-89.32488,15.40108],[-89.32489,15.40331],[-89.32857,15.41156],[-89.3301,15.41704],[-89.33283,15.41779],[-89.33525,15.4169],[-89.33972,15.4142],[-89.34409,15.40967],[-89.34781,15.40731],[-89.35164,15.40707],[-89.35245,15.40756],[-89.35243,15.40797],[-89.34854,15.40784],[-89.34534,15.40935],[-89.34091,15.41466],[-89.33544,15.41806],[-89.33249,15.42131],[-89.32885,15.42094],[-89.32747,15.42345],[-89.32243,15.42504],[-89.32152,15.42705],[-89.32178,15.42767],[-89.32562,15.42945],[-89.33027,15.43807],[-89.33778,15.44402],[-89.3418,15.45052],[-89.34343,15.45604],[-89.34598,15.45934],[-89.34773,15.4595],[-89.34883,15.45876],[-89.35624,15.44983],[-89.36301,15.44924],[-89.36454,15.44967],[-89.36482,15.45106],[-89.36349,15.45598],[-89.36009,15.45812],[-89.35743,15.46123],[-89.35371,15.46278],[-89.34984,15.46273],[-89.34998,15.46392],[-89.35451,15.46969],[-89.35575,15.47035],[-89.35797,15.46979],[-89.35851,15.46919],[-89.3587,15.46647],[-89.3604,15.46498],[-89.36151,15.46233],[-89.36696,15.4592],[-89.3695,15.46099],[-89.3697,15.4621],[-89.36777,15.47037],[-89.36901,15.47127],[-89.37116,15.47065],[-89.3724,15.46962],[-89.37281,15.46735],[-89.37432,15.46529],[-89.37541,15.46006],[-89.37739,15.45846],[-89.37649,15.45612],[-89.37852,15.4563],[-89.38012,15.45917],[-89.38164,15.45936],[-89.38962,15.45367],[-89.39484,15.45085],[-89.39557,15.45119],[-89.39548,15.45201],[-89.39266,15.45387],[-89.38982,15.45823],[-89.38606,15.45953],[-89.38546,15.46126],[-89.38584,15.46375],[-89.38974,15.46813],[-89.38999,15.47293],[-89.39164,15.47307],[-89.39492,15.4712],[-89.4048,15.46152],[-89.40616,15.45879],[-89.41152,15.45295],[-89.4121,15.45351],[-89.41158,15.45437],[-89.41188,15.45592],[-89.4062,15.46007],[-89.40479,15.46318],[-89.40256,15.4656],[-89.40287,15.46639],[-89.4045,15.46651],[-89.41273,15.4653],[-89.41448,15.46584],[-89.41487,15.46669],[-89.41309,15.46827],[-89.40971,15.46656],[-89.4072,15.46781],[-89.40045,15.47696],[-89.39997,15.48049],[-89.39344,15.47983],[-89.39172,15.47826],[-89.39097,15.47845],[-89.38435,15.49462],[-89.38039,15.50086],[-89.37484,15.5069],[-89.373,15.50794],[-89.36752,15.50913],[-89.36517,15.51037],[-89.36179,15.5108],[-89.35695,15.51712],[-89.35506,15.51747],[-89.3521,15.51532],[-89.3491,15.5152],[-89.33948,15.52108],[-89.32884,15.52291],[-89.32306,15.52653],[-89.31973,15.52692],[-89.31411,15.53025],[-89.31175,15.53061],[-89.30842,15.53001],[-89.30591,15.5281],[-89.30565,15.52625],[-89.30187,15.52292],[-89.30103,15.51989],[-89.29938,15.5175],[-89.29823,15.51702],[-89.29026,15.51902],[-89.2887,15.51859],[-89.28674,15.51647],[-89.28515,15.51725],[-89.28329,15.5168],[-89.28194,15.51892],[-89.2801,15.5198],[-89.27734,15.51956],[-89.27433,15.51774],[-89.27139,15.5197],[-89.26638,15.52038],[-89.26216,15.52657],[-89.25494,15.53074],[-89.24825,15.53863],[-89.24579,15.54292],[-89.24393,15.5515],[-89.24427,15.55419],[-89.24601,15.55583],[-89.24643,15.55739],[-89.24413,15.56196],[-89.24086,15.56436],[-89.23521,15.56545],[-89.23233,15.56534],[-89.22473,15.57153],[-89.22281,15.57143],[-89.21223,15.56763],[-89.20077,15.56783],[-89.1948,15.56988],[-89.19292,15.57322],[-89.18731,15.57833],[-89.18414,15.57913],[-89.17944,15.57893],[-89.17506,15.57751],[-89.1731,15.57357],[-89.17043,15.57117],[-89.16194,15.56747],[-89.15907,15.56693],[-89.15849,15.56538],[-89.15939,15.5638],[-89.15242,15.56337],[-89.14914,15.5662],[-89.14277,15.56658],[-89.1378,15.56841],[-89.13176,15.56873],[-89.12973,15.57113],[-89.1293,15.57548],[-89.12836,15.57623],[-89.12728,15.57876],[-89.12524,15.57865],[-89.12041,15.57971],[-89.1169,15.58141],[-89.1139,15.58154],[-89.11039,15.58065],[-89.10556,15.58099],[-89.09935,15.57809],[-89.10468,15.58624],[-89.11915,15.6048],[-89.13634,15.62872],[-89.1382,15.63038],[-89.15599,15.65457],[-89.1599,15.65882],[-89.16449,15.65995],[-89.30329,15.66365],[-89.3074,15.66092],[-89.31144,15.65961],[-89.31918,15.65859],[-89.33275,15.65918],[-89.34039,15.65818],[-89.35845,15.65847],[-89.36249,15.65759],[-89.36425,15.65835],[-89.36771,15.66247],[-89.38003,15.66343],[-89.38418,15.66294],[-89.38639,15.66184],[-89.39049,15.66112],[-89.39727,15.66257],[-89.40482,15.66229],[-89.40999,15.66124],[-89.41692,15.66193],[-89.42268,15.66087],[-89.42582,15.66148],[-89.42998,15.66028],[-89.4496,15.6592],[-89.45222,15.65832],[-89.45695,15.65874],[-89.46381,15.66728],[-89.47928,15.68999],[-89.48942,15.70428],[-89.49236,15.70754],[-89.49353,15.70995]]]},"properties":{"municipio":"El Estor","departamento":"Izabal","id_municipio":"1803"}},{"type":"Feature","geometry":{"type":"Polygon","coordinates":[[[-89.94975,15.66254],[-89.9519,15.66194],[-89.99579,15.63743],[-90.00351,15.63482],[-90.06734,15.60002],[-90.06983,15.50108],[-90.0684,15.49913],[-90.06834,15.49619],[-90.0666,15.49501],[-90.06346,15.49552],[-90.05957,15.49761],[-90.0512,15.49533],[-90.04693,15.49972],[-90.04049,15.50261],[-90.03372,15.5017],[-90.03286,15.50231],[-90.03197,15.50552],[-90.03019,15.5068],[-90.02205,15.50725],[-90.01994,15.5055],[-90.01699,15.50449],[-90.01503,15.50447],[-90.01005,15.50614],[-90.00225,15.49958],[-90.00009,15.49884],[-89.99277,15.49222],[-89.98626,15.48843],[-89.98177,15.48969],[-89.97797,15.4931],[-89.96367,15.49444],[-89.91689,15.4915],[-89.91158,15.49257],[-89.91249,15.49369],[-89.91757,15.49445],[-89.92347,15.49666],[-89.92643,15.4997],[-89.92648,15.50185],[-89.92742,15.50287],[-89.92702,15.50577],[-89.92845,15.50707],[-89.92843,15.50841],[-89.92759,15.51104],[-89.92572,15.5122],[-89.92757,15.51527],[-89.9274,15.51851],[-89.92448,15.52252],[-89.92789,15.52517],[-89.92842,15.52891],[-89.92712,15.53456],[-89.92971,15.53508],[-89.92992,15.53801],[-89.93123,15.53922],[-89.93097,15.54245],[-89.93007,15.54349],[-89.92638,15.54574],[-89.92352,15.54663],[-89.91957,15.54613],[-89.91759,15.54834],[-89.91785,15.55233],[-89.92276,15.55773],[-89.92351,15.55956],[-89.92359,15.56278],[-89.92285,15.56473],[-89.92098,15.56621],[-89.91864,15.56674],[-89.91341,15.56941],[-89.91172,15.56932],[-89.90836,15.56694],[-89.90613,15.56678],[-89.90619,15.56793],[-89.90757,15.56996],[-89.90906,15.58074],[-89.93983,15.64102],[-89.94264,15.64764],[-89.94914,15.6595],[-89.94975,15.66254]]]},"properties":{"municipio":"Lanquín","departamento":"Alta Verapaz","id_municipio":"1611"}},{"type":"Feature","geometry":{"type":"Polygon","coordinates":[[[-89.4118,15.85598],[-89.4153,15.86],[-89.41799,15.85769],[-89.41933,15.85964],[-89.42162,15.85842],[-89.42419,15.85916],[-89.42739,15.85917],[-89.42952,15.85791],[-89.42941,15.85551],[-89.43164,15.85672],[-89.43551,15.85343],[-89.43677,15.85453],[-89.43791,15.85426],[-89.43989,15.85218],[-89.43892,15.85107],[-89.4391,15.85047],[-89.44224,15.84923],[-89.4435,15.84756],[-89.4454,15.84811],[-89.44723,15.85039],[-89.44969,15.84971],[-89.45038,15.84784],[-89.45691,15.84759],[-89.45801,15.84782],[-89.46024,15.84981],[-89.45999,15.85187],[-89.46108,15.85261],[-89.46204,15.85472],[-89.46393,15.85503],[-89.46416,15.85683],[-89.46318,15.85845],[-89.46322,15.86011],[-89.46444,15.86127],[-89.46758,15.8615],[-89.47112,15.85894],[-89.47227,15.86115],[-89.47641,15.86105],[-89.47742,15.86007],[-89.47909,15.86131],[-89.47975,15.86043],[-89.47919,15.85939],[-89.47959,15.8582],[-89.48193,15.85677],[-89.48314,15.85688],[-89.48247,15.85552],[-89.4837,15.85391],[-89.48483,15.85354],[-89.48725,15.8541],[-89.48842,15.85299],[-89.48891,15.85346],[-89.48859,15.85498],[-89.48978,15.85517],[-89.48968,15.85306],[-89.49063,15.85222],[-89.49189,15.85228],[-89.49168,15.85084],[-89.49292,15.85163],[-89.49375,15.85129],[-89.49278,15.84956],[-89.49464,15.84838],[-89.49573,15.84882],[-89.49645,15.84784],[-89.49864,15.84741],[-89.4999,15.8455],[-89.49995,15.84434],[-89.50121,15.84336],[-89.50805,15.84303],[-89.51017,15.84197],[-89.51643,15.83799],[-89.5191,15.83445],[-89.526,15.83079],[-89.53017,15.82948],[-89.53491,15.82972],[-89.53646,15.82862],[-89.53817,15.82848],[-89.53997,15.82997],[-89.54107,15.82998],[-89.54287,15.82766],[-89.54316,15.8258],[-89.54727,15.82218],[-89.5501,15.82066],[-89.55092,15.81956],[-89.55119,15.81662],[-89.55462,15.81388],[-89.55917,15.8133],[-89.56166,15.81117],[-89.56996,15.80857],[-89.57315,15.80663],[-89.57619,15.80627],[-89.57932,15.80404],[-89.58602,15.80378],[-89.593,15.80025],[-89.59776,15.7988],[-89.60202,15.79998],[-89.60422,15.80221],[-89.61007,15.80122],[-89.61142,15.80029],[-89.6124,15.79817],[-89.61538,15.7964],[-89.61557,15.79478],[-89.61641,15.79373],[-89.61852,15.79312],[-89.62181,15.7934],[-89.62362,15.79449],[-89.63089,15.79396],[-89.63553,15.79496],[-89.64019,15.79502],[-89.64157,15.79327],[-89.64137,15.79083],[-89.64325,15.789],[-89.64221,15.78689],[-89.64249,15.78265],[-89.64386,15.78258],[-89.645,15.78108],[-89.64312,15.77762],[-89.64404,15.77394],[-89.64286,15.77248],[-89.64355,15.7674],[-89.64278,15.76578],[-89.64622,15.7616],[-89.64593,15.75975],[-89.64311,15.75681],[-89.64314,15.75599],[-89.64538,15.7545],[-89.64622,15.75253],[-89.64894,15.75099],[-89.6495,15.74625],[-89.65153,15.74436],[-89.65258,15.74133],[-89.65659,15.73812],[-89.65689,15.73639],[-89.65857,15.734],[-89.66214,15.73386],[-89.66406,15.73622],[-89.66532,15.73659],[-89.66875,15.7356],[-89.67046,15.73621],[-89.67239,15.73588],[-89.67838,15.73299],[-89.68222,15.7338],[-89.6873,15.73622],[-89.69139,15.73395],[-89.69387,15.73052],[-89.69523,15.72975],[-89.69932,15.72831],[-89.70681,15.72756],[-89.71086,15.72459],[-89.71553,15.71703],[-89.71616,15.71247],[-89.71975,15.70037],[-89.72129,15.68449],[-89.72127,15.67854],[-89.72237,15.67079],[-89.72303,15.65429],[-89.72442,15.64083],[-89.72341,15.63063],[-89.72625,15.62675],[-89.72912,15.62124],[-89.72934,15.61718],[-89.7287,15.61578],[-89.72655,15.61328],[-89.72455,15.6131],[-89.72292,15.61437],[-89.71829,15.61595],[-89.71422,15.61872],[-89.71143,15.61873],[-89.70754,15.62193],[-89.70541,15.62225],[-89.70451,15.62405],[-89.70281,15.62412],[-89.69964,15.62549],[-89.69898,15.62742],[-89.69721,15.62877],[-89.69695,15.63013],[-89.6949,15.63225],[-89.69061,15.63196],[-89.688,15.63343],[-89.68496,15.63411],[-89.685,15.63517],[-89.68712,15.63718],[-89.68576,15.63857],[-89.68201,15.63863],[-89.68082,15.63779],[-89.67678,15.6375],[-89.67548,15.6364],[-89.67495,15.63389],[-89.67405,15.63288],[-89.67178,15.63168],[-89.66934,15.63217],[-89.6675,15.63156],[-89.66506,15.63361],[-89.66118,15.63345],[-89.65856,15.63497],[-89.65703,15.63486],[-89.65603,15.63552],[-89.65151,15.63489],[-89.64697,15.6381],[-89.63765,15.6378],[-89.63587,15.6397],[-89.63554,15.64174],[-89.63294,15.64228],[-89.62997,15.64084],[-89.62889,15.64195],[-89.6279,15.64188],[-89.62514,15.64361],[-89.62188,15.64211],[-89.61783,15.64213],[-89.61517,15.64104],[-89.61306,15.64156],[-89.61121,15.64349],[-89.60923,15.64335],[-89.60687,15.64407],[-89.60341,15.6426],[-89.59638,15.64547],[-89.59237,15.64501],[-89.58992,15.64385],[-89.58794,15.64392],[-89.58623,15.64226],[-89.58237,15.64207],[-89.57936,15.63911],[-89.57632,15.63828],[-89.57551,15.63882],[-89.57421,15.63815],[-89.57288,15.63617],[-89.56988,15.63491],[-89.5577,15.63453],[-89.55536,15.63507],[-89.55169,15.63401],[-89.55025,15.63475],[-89.5333,15.63548],[-89.53211,15.63674],[-89.53002,15.64251],[-89.51785,15.66454],[-89.51289,15.67492],[-89.50971,15.67989],[-89.49646,15.70528],[-89.49525,15.70636],[-89.49494,15.70794],[-89.48618,15.72351],[-89.48166,15.73318],[-89.43773,15.81614],[-89.43576,15.81752],[-89.43342,15.82068],[-89.43209,15.82079],[-89.42956,15.8196],[-89.42549,15.82111],[-89.42553,15.82221],[-89.42707,15.82348],[-89.42754,15.82471],[-89.42599,15.82624],[-89.42086,15.82775],[-89.41879,15.8272],[-89.41567,15.82803],[-89.41873,15.82942],[-89.4208,15.83157],[-89.42104,15.83326],[-89.41824,15.83755],[-89.41922,15.83931],[-89.41691,15.84133],[-89.41693,15.8448],[-89.41627,15.84539],[-89.41126,15.84612],[-89.41081,15.84406],[-89.40844,15.84687],[-89.40903,15.8479],[-89.41125,15.84903],[-89.41142,15.85097],[-89.41389,15.85348],[-89.4118,15.85598]]]},"properties":{"municipio":"Chahal","departamento":"Alta Verapaz","id_municipio":"1614"}},{"type":"Feature","geometry":{"type":"Polygon","coordinates":[[[-89.95266,15.73651],[-89.95658,15.73963],[-89.9581,15.73925],[-89.95983,15.73717],[-89.96044,15.73748],[-89.96083,15.73952],[-89.96157,15.73978],[-89.96403,15.73896],[-89.96926,15.73359],[-89.97031,15.73404],[-89.97053,15.73609],[-89.97121,15.73639],[-89.97422,15.73374],[-89.97671,15.73366],[-89.97847,15.73403],[-89.98093,15.73615],[-89.98572,15.73175],[-89.9866,15.73155],[-89.98921,15.73294],[-89.98932,15.73533],[-89.99101,15.73626],[-89.99172,15.73581],[-89.99225,15.73178],[-89.99362,15.73126],[-89.99795,15.73227],[-89.99909,15.73307],[-89.99831,15.73664],[-89.99895,15.73827],[-90.00003,15.73777],[-90.00257,15.73308],[-90.00389,15.73286],[-90.00609,15.73449],[-90.00634,15.73652],[-90.01157,15.73926],[-90.01582,15.73958],[-90.0206,15.7394],[-90.02246,15.73854],[-90.02421,15.73881],[-90.02621,15.74058],[-90.0264,15.74374],[-90.02689,15.74418],[-90.02927,15.74257],[-90.02965,15.73984],[-90.03032,15.7398],[-90.03226,15.74149],[-90.03806,15.74252],[-90.04026,15.74417],[-90.04474,15.74538],[-90.06107,15.74861],[-90.06324,15.74951],[-90.06912,15.74937],[-90.06993,15.75159],[-90.07071,15.75187],[-90.07682,15.75133],[-90.08378,15.75251],[-90.08443,15.75531],[-90.08825,15.75578],[-90.09032,15.75522],[-90.09134,15.75576],[-90.09132,15.75638],[-90.0872,15.75862],[-90.08712,15.76003],[-90.08785,15.76067],[-90.0997,15.76225],[-90.10201,15.75986],[-90.10267,15.76006],[-90.10396,15.76272],[-90.10863,15.76325],[-90.11151,15.76499],[-90.11226,15.76464],[-90.11062,15.76226],[-90.11115,15.76181],[-90.11333,15.76274],[-90.11714,15.76146],[-90.118,15.76335],[-90.12049,15.7654],[-90.1225,15.7648],[-90.1232,15.76344],[-90.12298,15.7627],[-90.12033,15.76237],[-90.12037,15.76143],[-90.12273,15.76044],[-90.12504,15.76158],[-90.12668,15.75971],[-90.12825,15.75958],[-90.12877,15.76018],[-90.12801,15.76124],[-90.12957,15.7636],[-90.12744,15.76634],[-90.12822,15.76728],[-90.13097,15.76761],[-90.13199,15.76215],[-90.13276,15.76244],[-90.13382,15.7646],[-90.13631,15.76534],[-90.13709,15.76629],[-90.13803,15.76613],[-90.13821,15.76433],[-90.13869,15.76415],[-90.1399,15.76487],[-90.13945,15.7663],[-90.1428,15.76718],[-90.14487,15.7666],[-90.14547,15.76444],[-90.14967,15.76281],[-90.15301,15.76424],[-90.15602,15.76663],[-90.15834,15.77082],[-90.15847,15.77318],[-90.15917,15.77384],[-90.16233,15.77317],[-90.16426,15.77021],[-90.16649,15.76899],[-90.17282,15.77214],[-90.1787,15.77362],[-90.17969,15.77325],[-90.18224,15.76992],[-90.23137,15.704],[-90.24995,15.71287],[-90.30616,15.72086],[-90.32867,15.667],[-90.36624,15.63466],[-90.32038,15.54335],[-90.3205,15.5033],[-90.34407,15.46516],[-90.33447,15.43678],[-90.33287,15.43459],[-90.32299,15.45521],[-90.32201,15.45563],[-90.24871,15.43413],[-90.11309,15.38007],[-90.11143,15.37822],[-90.00028,15.40396],[-89.99938,15.40321],[-89.99711,15.40334],[-89.99629,15.40404],[-89.98905,15.40519],[-89.98817,15.40584],[-89.94652,15.41505],[-89.94614,15.4164],[-89.95404,15.43761],[-89.95579,15.44436],[-89.95719,15.44658],[-89.95822,15.45175],[-89.95977,15.45449],[-89.96502,15.47014],[-89.96032,15.49423],[-89.96367,15.49444],[-89.97797,15.4931],[-89.98177,15.48969],[-89.98626,15.48843],[-89.99277,15.49222],[-90.00009,15.49884],[-90.00225,15.49958],[-90.01005,15.50614],[-90.01503,15.50447],[-90.01699,15.50449],[-90.01994,15.5055],[-90.02205,15.50725],[-90.03019,15.5068],[-90.03197,15.50552],[-90.03286,15.50231],[-90.03372,15.5017],[-90.04049,15.50261],[-90.04693,15.49972],[-90.0512,15.49533],[-90.05957,15.49761],[-90.06346,15.49552],[-90.0666,15.49501],[-90.06834,15.49619],[-90.0684,15.49913],[-90.06983,15.50108],[-90.06734,15.60002],[-90.00351,15.63482],[-89.99579,15.63743],[-89.9519,15.66194],[-89.94975,15.66254],[-89.94546,15.66564],[-89.93851,15.66894],[-89.93661,15.6705],[-89.93415,15.71809],[-89.93622,15.71919],[-89.94861,15.7327],[-89.95264,15.73588],[-89.95266,15.73651]]]},"properties":{"municipio":"San Pedro Carchá","departamento":"Alta Verapaz","id_municipio":"1609"}},{"type":"Feature","geometry":{"type":"Polygon","coordinates":[[[-89.60594,15.52235],[-89.62863,15.5246],[-89.63139,15.52427],[-89.63806,15.52495],[-89.78444,15.5073],[-89.80144,15.50476],[-89.80844,15.50441],[-89.80983,15.50372],[-89.91158,15.49257],[-89.91689,15.4915],[-89.96032,15.49423],[-89.96502,15.47014],[-89.95977,15.45449],[-89.95822,15.45175],[-89.95719,15.44658],[-89.95579,15.44436],[-89.95404,15.43761],[-89.94614,15.4164],[-89.94652,15.41505],[-89.98817,15.40584],[-89.98905,15.40519],[-89.99629,15.40404],[-89.99711,15.40334],[-89.99938,15.40321],[-90.00028,15.40396],[-90.11143,15.37822],[-90.11177,15.3547],[-90.10943,15.35323],[-90.02811,15.33525],[-90.00216,15.31709],[-89.99039,15.31674],[-89.96817,15.31682],[-89.91735,15.32873],[-89.90205,15.31894],[-89.90095,15.32221],[-89.87589,15.32256],[-89.88342,15.33036],[-89.88463,15.33929],[-89.84983,15.33845],[-89.82706,15.33554],[-89.80939,15.33951],[-89.80109,15.33843],[-89.78336,15.34574],[-89.77777,15.34592],[-89.72838,15.35173],[-89.72768,15.35217],[-89.72716,15.35399],[-89.72567,15.3715],[-89.70626,15.38019],[-89.70485,15.38143],[-89.69879,15.38348],[-89.67089,15.39653],[-89.6638,15.39923],[-89.64757,15.40723],[-89.64396,15.45056],[-89.64397,15.46002],[-89.64497,15.46178],[-89.64471,15.46475],[-89.64048,15.47005],[-89.62908,15.48779],[-89.62315,15.49553],[-89.62262,15.49722],[-89.60828,15.51834],[-89.60629,15.52048],[-89.60594,15.52235]]]},"properties":{"municipio":"Senahú","departamento":"Alta Verapaz","id_municipio":"1608"}},{"type":"Feature","geometry":{"type":"Polygon","coordinates":[[[-89.583,15.52085],[-89.60594,15.52235],[-89.60629,15.52048],[-89.60828,15.51834],[-89.62262,15.49722],[-89.62315,15.49553],[-89.62908,15.48779],[-89.64048,15.47005],[-89.64471,15.46475],[-89.64497,15.46178],[-89.64397,15.46002],[-89.64396,15.45056],[-89.64757,15.40723],[-89.6638,15.39923],[-89.67089,15.39653],[-89.69879,15.38348],[-89.70485,15.38143],[-89.70626,15.38019],[-89.72567,15.3715],[-89.72716,15.35399],[-89.72768,15.35217],[-89.72838,15.35173],[-89.77777,15.34592],[-89.78336,15.34574],[-89.79991,15.33917],[-89.80034,15.31825],[-89.79829,15.23196],[-89.78608,15.23372],[-89.78142,15.23507],[-89.77962,15.23357],[-89.77476,15.23188],[-89.773,15.23028],[-89.76762,15.23154],[-89.76255,15.22842],[-89.75758,15.22662],[-89.7438,15.23073],[-89.74826,15.21002],[-89.7523,15.19584],[-89.76531,15.18499],[-89.77444,15.17553],[-89.78734,15.16838],[-89.78578,15.16823],[-89.78353,15.16667],[-89.78012,15.1625],[-89.77789,15.15787],[-89.7751,15.14892],[-89.77197,15.14568],[-89.76983,15.14522],[-89.75797,15.14635],[-89.75529,15.1457],[-89.7477,15.1422],[-89.74382,15.14257],[-89.73837,15.14425],[-89.73424,15.14765],[-89.72977,15.1494],[-89.72272,15.14809],[-89.71638,15.14325],[-89.71419,15.14005],[-89.71073,15.13749],[-89.70619,15.13632],[-89.69422,15.13624],[-89.69225,15.13541],[-89.6915,15.13461],[-89.68978,15.12912],[-89.68596,15.12287],[-89.6812,15.11837],[-89.67495,15.11721],[-89.67016,15.11846],[-89.66868,15.1212],[-89.66948,15.12448],[-89.67051,15.12599],[-89.67132,15.13094],[-89.67089,15.1339],[-89.67008,15.13496],[-89.67024,15.13712],[-89.67325,15.14299],[-89.67278,15.14829],[-89.67096,15.15035],[-89.65759,15.15957],[-89.65518,15.16298],[-89.65455,15.16503],[-89.65305,15.16626],[-89.64338,15.16556],[-89.63633,15.16214],[-89.6268,15.1606],[-89.62439,15.1633],[-89.61306,15.18565],[-89.58674,15.22374],[-89.58642,15.22502],[-89.58146,15.23146],[-89.57985,15.23509],[-89.576,15.24094],[-89.57362,15.24967],[-89.5718,15.25271],[-89.56727,15.26534],[-89.5671,15.27428],[-89.56769,15.27512],[-89.56771,15.28513],[-89.56848,15.28709],[-89.568,15.29192],[-89.5646,15.29603],[-89.56317,15.29914],[-89.56332,15.30238],[-89.56534,15.3042],[-89.56665,15.30843],[-89.56431,15.3105],[-89.55773,15.31163],[-89.55358,15.31156],[-89.54657,15.30994],[-89.54327,15.31045],[-89.53955,15.30943],[-89.53636,15.31201],[-89.53473,15.31565],[-89.53524,15.31879],[-89.54146,15.32794],[-89.5435,15.32937],[-89.54422,15.33222],[-89.54717,15.33602],[-89.54728,15.34116],[-89.54653,15.3431],[-89.54441,15.3461],[-89.54113,15.34895],[-89.53566,15.35149],[-89.52743,15.35345],[-89.5177,15.35731],[-89.51343,15.36033],[-89.512,15.36248],[-89.51204,15.3649],[-89.5133,15.36701],[-89.5183,15.37298],[-89.52257,15.37631],[-89.52421,15.37815],[-89.52454,15.37943],[-89.52346,15.38556],[-89.51867,15.39866],[-89.51693,15.40651],[-89.51513,15.40944],[-89.51409,15.41479],[-89.51641,15.41799],[-89.52006,15.41938],[-89.52671,15.41912],[-89.53104,15.4212],[-89.53291,15.42347],[-89.53244,15.42833],[-89.53117,15.43038],[-89.53007,15.43537],[-89.52659,15.43876],[-89.52245,15.44506],[-89.51687,15.45014],[-89.51636,15.45197],[-89.51866,15.45463],[-89.52189,15.45539],[-89.52345,15.45652],[-89.52961,15.46468],[-89.53206,15.46489],[-89.53253,15.46331],[-89.53547,15.45962],[-89.53888,15.45752],[-89.54132,15.45487],[-89.54538,15.45405],[-89.55039,15.45785],[-89.55011,15.46016],[-89.55534,15.46543],[-89.55997,15.46446],[-89.57091,15.4728],[-89.58033,15.4739],[-89.58269,15.47345],[-89.58617,15.47448],[-89.58909,15.47697],[-89.58959,15.47987],[-89.58891,15.48194],[-89.58618,15.48532],[-89.58053,15.48958],[-89.57411,15.49244],[-89.56689,15.498],[-89.56695,15.50174],[-89.57247,15.508],[-89.57273,15.50901],[-89.57632,15.51036],[-89.58156,15.5145],[-89.58283,15.51707],[-89.583,15.52085]]]},"properties":{"municipio":"Panzós","departamento":"Alta Verapaz","id_municipio":"1607"}},{"type":"Feature","geometry":{"type":"Polygon","coordinates":[[[-90.42917,15.4007],[-90.46582,15.4151],[-90.46647,15.41621],[-90.45611,15.44016],[-90.45433,15.4451],[-90.45435,15.44619],[-90.45525,15.44679],[-90.63491,15.48432],[-90.63999,15.48291],[-90.6419,15.47908],[-90.64183,15.47551],[-90.64351,15.47297],[-90.64471,15.4718],[-90.64912,15.46991],[-90.65075,15.46816],[-90.65127,15.46068],[-90.64909,15.45124],[-90.64944,15.448],[-90.65164,15.44475],[-90.66276,15.43433],[-90.66484,15.43346],[-90.66699,15.43371],[-90.67775,15.44019],[-90.68062,15.44042],[-90.687,15.43959],[-90.6912,15.44053],[-90.69557,15.44066],[-90.69884,15.44227],[-90.70163,15.44246],[-90.70681,15.43384],[-90.70986,15.43042],[-90.71073,15.42639],[-90.71523,15.42245],[-90.71775,15.41885],[-90.71778,15.41576],[-90.71473,15.41112],[-90.71489,15.40889],[-90.71678,15.4034],[-90.71419,15.39623],[-90.71337,15.38695],[-90.70941,15.38364],[-90.70747,15.37855],[-90.70399,15.37733],[-90.70067,15.3747],[-90.69884,15.37202],[-90.69911,15.36974],[-90.69531,15.36509],[-90.68961,15.36451],[-90.68344,15.36075],[-90.67737,15.35948],[-90.67156,15.35907],[-90.66791,15.35726],[-90.66507,15.35887],[-90.66297,15.35897],[-90.6573,15.35347],[-90.65183,15.35068],[-90.64782,15.35],[-90.64575,15.34875],[-90.64064,15.34823],[-90.63885,15.34719],[-90.63083,15.3471],[-90.6264,15.3454],[-90.62163,15.34527],[-90.61841,15.3436],[-90.61237,15.34299],[-90.60892,15.34111],[-90.60824,15.34103],[-90.60631,15.34268],[-90.60217,15.34146],[-90.59955,15.33955],[-90.59833,15.34005],[-90.59693,15.34318],[-90.59383,15.34299],[-90.59103,15.34167],[-90.58296,15.34291],[-90.57757,15.34083],[-90.5738,15.34022],[-90.57117,15.34177],[-90.56789,15.34161],[-90.56203,15.33862],[-90.55406,15.34021],[-90.55009,15.33884],[-90.54783,15.33871],[-90.54073,15.34086],[-90.52623,15.33943],[-90.52388,15.33812],[-90.51899,15.33734],[-90.51169,15.33493],[-90.50999,15.33309],[-90.50888,15.33278],[-90.5067,15.33285],[-90.50427,15.33389],[-90.50079,15.33282],[-90.49333,15.32616],[-90.4853,15.32262],[-90.48498,15.31575],[-90.48094,15.30686],[-90.48086,15.30242],[-90.48233,15.29982],[-90.48192,15.29664],[-90.48404,15.29392],[-90.48908,15.2909],[-90.49028,15.28926],[-90.49124,15.28591],[-90.49104,15.28023],[-90.4798,15.28741],[-90.47758,15.28816],[-90.47381,15.28852],[-90.46873,15.28728],[-90.4591,15.28678],[-90.45409,15.29582],[-90.42736,15.33553],[-90.45557,15.36354],[-90.45548,15.36488],[-90.42917,15.4007]]]},"properties":{"municipio":"San Cristóbal Verapaz","departamento":"Alta Verapaz","id_municipio":"1603"}},{"type":"Feature","geometry":{"type":"Polygon","coordinates":[[[-89.95898,15.31866],[-89.96969,15.31668],[-90.00216,15.31709],[-90.02811,15.33525],[-90.10943,15.35323],[-90.11177,15.3547],[-90.16539,15.34012],[-90.19435,15.33626],[-90.19771,15.33533],[-90.1995,15.308],[-90.20127,15.26401],[-90.18858,15.26299],[-90.15704,15.26298],[-90.13054,15.26457],[-90.1175,15.26463],[-90.09993,15.2642],[-90.08526,15.26284],[-90.07702,15.26117],[-90.06264,15.2608],[-90.05475,15.26189],[-90.04418,15.26478],[-90.04053,15.26647],[-90.02127,15.27044],[-90.01577,15.27055],[-90.00006,15.26888],[-89.98868,15.27059],[-89.98144,15.271],[-89.9741,15.27247],[-89.96326,15.27329],[-89.94914,15.2731],[-89.94743,15.27152],[-89.93457,15.27796],[-89.92039,15.29309],[-89.91741,15.3012],[-89.92266,15.30109],[-89.92764,15.30257],[-89.92984,15.30006],[-89.93209,15.30013],[-89.93369,15.30134],[-89.93458,15.30341],[-89.93887,15.30337],[-89.94305,15.31262],[-89.95898,15.31866]]]},"properties":{"municipio":"Tucurú","departamento":"Alta Verapaz","id_municipio":"1606"}},{"type":"Feature","geometry":{"type":"Polygon","coordinates":[[[-90.54793,15.21975],[-90.55301,15.23925],[-90.55598,15.24656],[-90.61217,15.24835],[-90.61453,15.24793],[-90.62946,15.24868],[-90.63039,15.24929],[-90.6328,15.29099],[-90.63407,15.30155],[-90.63417,15.31015],[-90.63976,15.31614],[-90.67442,15.34918],[-90.67719,15.35074],[-90.68414,15.33906],[-90.68596,15.33709],[-90.68618,15.33555],[-90.70685,15.30032],[-90.71696,15.28443],[-90.74467,15.30117],[-90.75025,15.28741],[-90.75315,15.27785],[-90.73308,15.26525],[-90.7552,15.22222],[-90.76421,15.22144],[-90.76758,15.2237],[-90.7699,15.22422],[-90.77543,15.22192],[-90.77918,15.22196],[-90.78258,15.2243],[-90.78695,15.23329],[-90.79233,15.23959],[-90.79392,15.2398],[-90.79848,15.2383],[-90.80394,15.2355],[-90.81307,15.23607],[-90.81474,15.2352],[-90.81254,15.21794],[-90.81169,15.20558],[-90.81101,15.20336],[-90.81115,15.20011],[-90.81002,15.19299],[-90.80829,15.17126],[-90.80752,15.16805],[-90.80675,15.15522],[-90.80456,15.15138],[-90.77084,15.09812],[-90.76983,15.09574],[-90.76621,15.09105],[-90.75741,15.07645],[-90.75547,15.07415],[-90.67914,15.01901],[-90.66719,15.00986],[-90.66619,15.00791],[-90.66121,15.00368],[-90.6577,15.00249],[-90.65537,14.99615],[-90.65549,14.98685],[-90.65761,14.98449],[-90.65867,14.98174],[-90.65863,14.97438],[-90.66025,14.96759],[-90.65783,14.96633],[-90.6523,14.96026],[-90.64893,14.95849],[-90.64541,14.95922],[-90.64374,14.96217],[-90.64063,14.96369],[-90.63813,14.96375],[-90.63646,14.96238],[-90.63329,14.9632],[-90.63209,14.965],[-90.63078,14.96935],[-90.62578,14.97222],[-90.62406,14.97428],[-90.62393,14.98023],[-90.62314,14.9816],[-90.61568,14.98716],[-90.60952,14.9898],[-90.60459,14.99371],[-90.60102,14.99564],[-90.59638,14.99657],[-90.58889,14.99639],[-90.58769,15.00226],[-90.58256,15.0057],[-90.58547,15.01164],[-90.58613,15.01472],[-90.58599,15.02056],[-90.58658,15.02413],[-90.58533,15.02887],[-90.58272,15.03145],[-90.57977,15.03275],[-90.57362,15.03412],[-90.57007,15.03718],[-90.55874,15.04455],[-90.55482,15.04839],[-90.55332,15.05188],[-90.5486,15.0576],[-90.54735,15.06082],[-90.54771,15.06637],[-90.5523,15.07699],[-90.55759,15.08422],[-90.57342,15.10111],[-90.57454,15.11035],[-90.57577,15.11238],[-90.58164,15.11781],[-90.58275,15.11967],[-90.58515,15.13404],[-90.5854,15.14625],[-90.58425,15.15289],[-90.58271,15.15563],[-90.56988,15.17269],[-90.56654,15.17548],[-90.55241,15.18244],[-90.55072,15.1846],[-90.55047,15.18669],[-90.55436,15.19599],[-90.55427,15.20006],[-90.55582,15.20407],[-90.55596,15.20996],[-90.55312,15.21539],[-90.54793,15.21975]]]},"properties":{"municipio":"Cubulco","departamento":"Baja Verapaz","id_municipio":"1504"}},{"type":"Feature","geometry":{"type":"Polygon","coordinates":[[[-89.85166,15.1603],[-89.86197,15.16461],[-89.86377,15.16608],[-89.86456,15.16821],[-89.8632,15.17293],[-89.8644,15.17509],[-89.86471,15.17741],[-89.86369,15.18008],[-89.86345,15.18498],[-89.86437,15.18704],[-89.86363,15.18994],[-89.86654,15.19161],[-89.86814,15.19474],[-89.86783,15.1961],[-89.86637,15.19662],[-89.86543,15.19788],[-89.86604,15.20634],[-89.86334,15.21006],[-89.86398,15.21459],[-89.8668,15.21574],[-89.86702,15.21655],[-89.86379,15.22463],[-89.8615,15.22864],[-89.86143,15.23302],[-89.86373,15.23626],[-89.86305,15.2375],[-89.86147,15.23797],[-89.86245,15.24183],[-89.8622,15.24614],[-89.86273,15.24926],[-89.86212,15.2518],[-89.86043,15.25377],[-89.85976,15.25736],[-89.86045,15.26209],[-89.85936,15.26554],[-89.86049,15.27128],[-89.86349,15.27421],[-89.86517,15.2747],[-89.86965,15.27375],[-89.8758,15.27535],[-89.88649,15.27402],[-89.89251,15.27507],[-89.89595,15.27647],[-89.89593,15.2858],[-89.89305,15.28603],[-89.89146,15.28921],[-89.89147,15.29115],[-89.89327,15.29381],[-89.88833,15.2973],[-89.88727,15.30035],[-89.88738,15.30129],[-89.89094,15.30306],[-89.89582,15.30127],[-89.89762,15.29948],[-89.90234,15.30108],[-89.91195,15.30046],[-89.91741,15.3012],[-89.92039,15.29309],[-89.93457,15.27796],[-89.94743,15.27152],[-89.94914,15.2731],[-89.96326,15.27329],[-89.9741,15.27247],[-89.98144,15.271],[-89.98868,15.27059],[-90.00006,15.26888],[-90.01577,15.27055],[-90.02127,15.27044],[-90.04053,15.26647],[-90.04418,15.26478],[-90.05475,15.26189],[-90.06264,15.2608],[-90.07702,15.26117],[-90.08526,15.26284],[-90.09993,15.2642],[-90.1175,15.26463],[-90.13054,15.26457],[-90.15704,15.26298],[-90.18858,15.26299],[-90.22117,15.26513],[-90.23819,15.26861],[-90.24573,15.2687],[-90.25466,15.26708],[-90.26732,15.26209],[-90.27036,15.2617],[-90.28647,15.26367],[-90.30409,15.26278],[-90.30548,15.26163],[-90.30697,15.25893],[-90.30771,15.25515],[-90.3089,15.25308],[-90.31004,15.25224],[-90.32498,15.24852],[-90.32757,15.2458],[-90.3294,15.24068],[-90.33026,15.23173],[-90.32684,15.23194],[-90.31905,15.22762],[-90.31413,15.22605],[-90.31107,15.22412],[-90.30641,15.21961],[-90.30058,15.21654],[-90.29843,15.21629],[-90.29377,15.21811],[-90.28784,15.22433],[-90.28662,15.22867],[-90.28332,15.23103],[-90.28062,15.2313],[-90.26968,15.22913],[-90.26201,15.22852],[-90.25793,15.21803],[-90.25571,15.21502],[-90.25291,15.21279],[-90.24983,15.21204],[-90.24469,15.21318],[-90.23444,15.21266],[-90.22881,15.21047],[-90.22396,15.21003],[-90.21958,15.21224],[-90.21184,15.22149],[-90.20902,15.22237],[-90.19809,15.22101],[-90.1748,15.21982],[-90.17303,15.21776],[-90.17162,15.21177],[-90.16658,15.20173],[-90.16047,15.17924],[-90.1594,15.17686],[-90.15675,15.175],[-90.15432,15.17519],[-90.15002,15.17743],[-90.14211,15.18505],[-90.13943,15.18686],[-90.13626,15.18647],[-90.13266,15.18468],[-90.12927,15.18482],[-90.11731,15.18915],[-90.10839,15.19476],[-90.1066,15.19515],[-90.10426,15.19469],[-90.103,15.19324],[-90.10212,15.18926],[-90.10365,15.18331],[-90.10352,15.17661],[-90.10031,15.16522],[-90.09925,15.1562],[-90.09816,15.15359],[-90.09675,15.15227],[-90.09154,15.15075],[-90.08956,15.14908],[-90.08889,15.14745],[-90.08858,15.14029],[-90.08638,15.13749],[-90.08251,15.13541],[-90.07842,15.1364],[-90.07528,15.13814],[-90.07321,15.13796],[-90.05201,15.13047],[-90.04533,15.13035],[-90.03916,15.13259],[-90.03493,15.1331],[-90.03243,15.13416],[-90.02682,15.13885],[-90.02202,15.14188],[-90.01575,15.14411],[-90.00925,15.14492],[-90.00606,15.14464],[-90.00038,15.14236],[-89.99713,15.13895],[-89.9924,15.13969],[-89.98567,15.14265],[-89.98182,15.14515],[-89.96396,15.1519],[-89.96161,15.15126],[-89.96082,15.14904],[-89.95722,15.14528],[-89.94939,15.14199],[-89.9396,15.1393],[-89.93016,15.13939],[-89.91946,15.13793],[-89.91788,15.13722],[-89.91339,15.13703],[-89.90943,15.1347],[-89.90533,15.13545],[-89.89763,15.13839],[-89.89588,15.14053],[-89.89589,15.14348],[-89.89805,15.14685],[-89.89809,15.14876],[-89.89715,15.14977],[-89.89302,15.14937],[-89.8897,15.1471],[-89.88706,15.14626],[-89.88072,15.14619],[-89.87675,15.14496],[-89.87149,15.14453],[-89.86916,15.14732],[-89.86633,15.15528],[-89.86618,15.15742],[-89.86345,15.15964],[-89.85798,15.16039],[-89.85166,15.1603]]]},"properties":{"municipio":"Purulhá","departamento":"Baja Verapaz","id_municipio":"1508"}},{"type":"Feature","geometry":{"type":"Polygon","coordinates":[[[-90.49766,15.26467],[-90.50125,15.26538],[-90.50266,15.26465],[-90.50269,15.25979],[-90.50369,15.2584],[-90.50553,15.25817],[-90.50928,15.25921],[-90.51145,15.25748],[-90.51343,15.25345],[-90.51416,15.24778],[-90.5206,15.24391],[-90.52178,15.23927],[-90.52762,15.23532],[-90.52722,15.22699],[-90.53333,15.21623],[-90.53709,15.21241],[-90.54144,15.21031],[-90.54342,15.20853],[-90.54435,15.20621],[-90.54516,15.2063],[-90.54645,15.20875],[-90.54641,15.21363],[-90.54793,15.21975],[-90.55312,15.21539],[-90.55596,15.20996],[-90.55582,15.20407],[-90.55427,15.20006],[-90.55436,15.19599],[-90.55357,15.19314],[-90.55047,15.18669],[-90.55072,15.1846],[-90.55241,15.18244],[-90.56654,15.17548],[-90.56988,15.17269],[-90.58158,15.15739],[-90.58425,15.15289],[-90.5854,15.14625],[-90.58515,15.13404],[-90.58275,15.11967],[-90.58164,15.11781],[-90.57577,15.11238],[-90.57454,15.11035],[-90.57342,15.10111],[-90.55584,15.08209],[-90.55021,15.07301],[-90.54771,15.06637],[-90.54735,15.06082],[-90.5486,15.0576],[-90.55332,15.05188],[-90.55482,15.04839],[-90.55874,15.04455],[-90.57007,15.03718],[-90.57362,15.03412],[-90.57977,15.03275],[-90.58272,15.03145],[-90.58533,15.02887],[-90.58613,15.02667],[-90.58658,15.02413],[-90.58599,15.02056],[-90.58613,15.01472],[-90.58547,15.01164],[-90.58256,15.0057],[-90.57781,15.00491],[-90.57249,15.00305],[-90.56825,14.99943],[-90.56729,14.99932],[-90.56591,15.00091],[-90.56295,15.00717],[-90.56031,15.01056],[-90.55858,15.01103],[-90.55551,15.01099],[-90.55428,15.01],[-90.55298,15.00328],[-90.5511,15.00157],[-90.54954,15.00141],[-90.54058,15.00689],[-90.53682,15.00735],[-90.53165,15.00987],[-90.52454,15.00902],[-90.52089,15.00691],[-90.52086,15.01157],[-90.51951,15.01492],[-90.51501,15.0194],[-90.50868,15.01951],[-90.50614,15.01887],[-90.49131,15.01934],[-90.47269,15.01326],[-90.4684,15.01075],[-90.46118,15.00469],[-90.45759,14.99927],[-90.45244,14.99459],[-90.44198,14.99711],[-90.44033,14.9981],[-90.43701,15.00778],[-90.43526,15.0091],[-90.433,15.00859],[-90.42662,15.00386],[-90.42474,15.00749],[-90.41757,15.01321],[-90.41657,15.01712],[-90.41722,15.02358],[-90.42186,15.03305],[-90.42323,15.0374],[-90.42373,15.04191],[-90.42974,15.05115],[-90.43122,15.05619],[-90.43506,15.06193],[-90.43903,15.07061],[-90.4392,15.08046],[-90.44024,15.08283],[-90.44227,15.08659],[-90.44725,15.09193],[-90.45333,15.10048],[-90.4583,15.11504],[-90.47193,15.12425],[-90.47417,15.12952],[-90.47557,15.13508],[-90.47817,15.14049],[-90.4829,15.14506],[-90.49144,15.15141],[-90.49365,15.15532],[-90.49345,15.15849],[-90.49167,15.16167],[-90.47486,15.17152],[-90.47388,15.17283],[-90.47383,15.17635],[-90.47173,15.17847],[-90.46859,15.17984],[-90.45429,15.18888],[-90.44938,15.1906],[-90.43547,15.19121],[-90.43156,15.193],[-90.42987,15.19635],[-90.4296,15.20034],[-90.4313,15.20683],[-90.4364,15.21433],[-90.4394,15.21693],[-90.44365,15.21898],[-90.45019,15.21916],[-90.45686,15.21462],[-90.46095,15.21272],[-90.46469,15.21227],[-90.47102,15.21391],[-90.47906,15.21477],[-90.48157,15.21624],[-90.48244,15.21817],[-90.48,15.22568],[-90.47989,15.22947],[-90.48106,15.23499],[-90.48522,15.24368],[-90.49659,15.26114],[-90.49766,15.26467]]]},"properties":{"municipio":"Rabinal","departamento":"Baja Verapaz","id_municipio":"1503"}},{"type":"Feature","geometry":{"type":"Polygon","coordinates":[[[-89.17939,14.92136],[-89.18178,14.9244],[-89.18418,14.92899],[-89.18735,14.93236],[-89.19149,14.93868],[-89.20047,14.94672],[-89.20251,14.94759],[-89.2235,14.94879],[-89.22509,14.94775],[-89.22905,14.94064],[-89.23339,14.93545],[-89.2378,14.92826],[-89.2437,14.92073],[-89.24516,14.91744],[-89.25307,14.90567],[-89.25504,14.90317],[-89.25943,14.89945],[-89.27273,14.89483],[-89.28118,14.89347],[-89.28635,14.89546],[-89.30164,14.90364],[-89.3095,14.90672],[-89.31499,14.91007],[-89.3211,14.91105],[-89.32469,14.91066],[-89.33129,14.90795],[-89.33595,14.90721],[-89.34301,14.90404],[-89.34999,14.90222],[-89.34883,14.9002],[-89.34824,14.89279],[-89.35078,14.88769],[-89.35431,14.88516],[-89.35545,14.88308],[-89.35625,14.87885],[-89.35906,14.87567],[-89.35993,14.872],[-89.36174,14.86859],[-89.36263,14.86731],[-89.36519,14.86585],[-89.36734,14.86107],[-89.37099,14.85853],[-89.37283,14.854],[-89.37506,14.85204],[-89.37708,14.8488],[-89.3777,14.84629],[-89.37784,14.83738],[-89.375,14.82887],[-89.37468,14.82073],[-89.37313,14.81483],[-89.37447,14.80735],[-89.37157,14.79566],[-89.36709,14.79064],[-89.3646,14.79029],[-89.36048,14.7908],[-89.35793,14.79228],[-89.35277,14.7918],[-89.34994,14.79029],[-89.34745,14.79001],[-89.33297,14.79186],[-89.32638,14.79103],[-89.32337,14.78867],[-89.31847,14.78703],[-89.31567,14.78844],[-89.30797,14.78955],[-89.30201,14.7916],[-89.29285,14.79314],[-89.28926,14.79283],[-89.28087,14.78856],[-89.27449,14.78671],[-89.25775,14.78649],[-89.2458,14.78857],[-89.24164,14.78737],[-89.23799,14.78523],[-89.23056,14.78549],[-89.22838,14.78763],[-89.2283,14.79114],[-89.22754,14.79226],[-89.22394,14.79336],[-89.22117,14.79314],[-89.21906,14.79374],[-89.21427,14.79676],[-89.21257,14.79654],[-89.21003,14.79471],[-89.20846,14.79512],[-89.20678,14.79695],[-89.20193,14.79753],[-89.19812,14.8011],[-89.21322,14.81874],[-89.22014,14.82785],[-89.22243,14.82991],[-89.22465,14.83384],[-89.2253,14.85006],[-89.2275,14.86241],[-89.22829,14.87314],[-89.22739,14.8812],[-89.22505,14.88497],[-89.22217,14.88739],[-89.2186,14.88777],[-89.21399,14.88979],[-89.21145,14.89211],[-89.20946,14.89624],[-89.20616,14.89914],[-89.20484,14.89966],[-89.19642,14.89899],[-89.19072,14.90004],[-89.1876,14.90161],[-89.18449,14.90425],[-89.18163,14.90873],[-89.18238,14.91189],[-89.17933,14.91676],[-89.17939,14.92136]]]},"properties":{"municipio":"Camotán","departamento":"Chiquimula","id_municipio":"2005"}},{"type":"Feature","geometry":{"type":"Polygon","coordinates":[[[-90.44449,16.07284],[-90.44171,16.06792],[-90.43829,16.06393],[-90.43524,16.06203],[-90.4329,16.06175],[-90.43159,16.06229],[-90.42541,16.06792],[-90.42132,16.06816],[-90.41927,16.0667],[-90.41919,16.06217],[-90.42035,16.06094],[-90.424,16.05907],[-90.4277,16.0555],[-90.4293,16.0529],[-90.43123,16.04702],[-90.43282,16.04512],[-90.43656,16.04341],[-90.44356,16.04332],[-90.44478,16.0416],[-90.44439,16.03984],[-90.44277,16.03898],[-90.43557,16.03965],[-90.43287,16.03909],[-90.42908,16.03722],[-90.42667,16.03411],[-90.42583,16.03165],[-90.42518,16.02496],[-90.42552,16.0217],[-90.42758,16.02193],[-90.4329,16.02752],[-90.43498,16.02892],[-90.43738,16.02957],[-90.43991,16.02927],[-90.44117,16.02777],[-90.44202,16.01995],[-90.44264,16.01871],[-90.45028,16.01516],[-90.45821,16.01426],[-90.4639,16.00583],[-90.46568,16.00425],[-90.46891,16.00309],[-90.47256,16.00316],[-90.47436,16.00431],[-90.47572,16.01303],[-90.47754,16.01634],[-90.48109,16.01707],[-90.48685,16.01524],[-90.4901,16.01206],[-90.49205,16.00329],[-90.49557,15.9976],[-90.49875,15.98556],[-90.49924,15.98582],[-90.50841,15.98188],[-90.46805,15.90606],[-90.40776,15.78967],[-90.40519,15.78748],[-90.30616,15.72086],[-90.24995,15.71287],[-90.23137,15.704],[-90.18224,15.76992],[-90.17969,15.77325],[-90.1787,15.77362],[-90.17282,15.77214],[-90.16649,15.76899],[-90.16426,15.77021],[-90.16233,15.77317],[-90.15917,15.77384],[-90.15847,15.77318],[-90.15834,15.77082],[-90.15602,15.76663],[-90.15301,15.76424],[-90.14967,15.76281],[-90.14547,15.76444],[-90.14487,15.7666],[-90.1428,15.76718],[-90.13945,15.7663],[-90.1399,15.76487],[-90.13869,15.76415],[-90.13821,15.76433],[-90.13803,15.76613],[-90.13709,15.76629],[-90.13631,15.76534],[-90.13382,15.7646],[-90.13276,15.76244],[-90.13199,15.76215],[-90.13097,15.76761],[-90.12822,15.76728],[-90.12744,15.76634],[-90.12957,15.7636],[-90.12801,15.76124],[-90.12877,15.76018],[-90.12825,15.75958],[-90.12668,15.75971],[-90.12504,15.76158],[-90.12273,15.76044],[-90.12037,15.76143],[-90.12033,15.76237],[-90.12298,15.7627],[-90.1232,15.76344],[-90.1225,15.7648],[-90.12049,15.7654],[-90.118,15.76335],[-90.11714,15.76146],[-90.11333,15.76274],[-90.11115,15.76181],[-90.11062,15.76226],[-90.11226,15.76464],[-90.11151,15.76499],[-90.10863,15.76325],[-90.10396,15.76272],[-90.10267,15.76006],[-90.10201,15.75986],[-90.0997,15.76225],[-90.08785,15.76067],[-90.08712,15.76003],[-90.0872,15.75862],[-90.09132,15.75638],[-90.09134,15.75576],[-90.09032,15.75522],[-90.08825,15.75578],[-90.08443,15.75531],[-90.08378,15.75251],[-90.07682,15.75133],[-90.07071,15.75187],[-90.06993,15.75159],[-90.06912,15.74937],[-90.06324,15.74951],[-90.06107,15.74861],[-90.04474,15.74538],[-90.04026,15.74417],[-90.03806,15.74252],[-90.03226,15.74149],[-90.03032,15.7398],[-90.02965,15.73984],[-90.02927,15.74257],[-90.02689,15.74418],[-90.0264,15.74374],[-90.02621,15.74058],[-90.02421,15.73881],[-90.02246,15.73854],[-90.0206,15.7394],[-90.01582,15.73958],[-90.01157,15.73926],[-90.00634,15.73652],[-90.00609,15.73449],[-90.00389,15.73286],[-90.00257,15.73308],[-90.00003,15.73777],[-89.99895,15.73827],[-89.99831,15.73664],[-89.99909,15.73307],[-89.99795,15.73227],[-89.99362,15.73126],[-89.99225,15.73178],[-89.99172,15.73581],[-89.99101,15.73626],[-89.98932,15.73533],[-89.98921,15.73294],[-89.9866,15.73155],[-89.98572,15.73175],[-89.98093,15.73615],[-89.97847,15.73403],[-89.97671,15.73366],[-89.97422,15.73374],[-89.97121,15.73639],[-89.97053,15.73609],[-89.97031,15.73404],[-89.96926,15.73359],[-89.96403,15.73896],[-89.96157,15.73978],[-89.96083,15.73952],[-89.96044,15.73748],[-89.95983,15.73717],[-89.9581,15.73925],[-89.95658,15.73963],[-89.95266,15.73651],[-89.95287,15.73923],[-89.95515,15.7416],[-89.95539,15.74322],[-89.95317,15.74504],[-89.95029,15.74393],[-89.94956,15.74426],[-89.94847,15.74841],[-89.9466,15.75122],[-89.94743,15.75729],[-89.946,15.75895],[-89.95193,15.76518],[-89.9539,15.76601],[-89.95624,15.76866],[-89.95516,15.77421],[-90.01814,15.76549],[-90.01821,15.76856],[-90.02679,15.76964],[-90.02954,15.77387],[-90.03922,15.77604],[-90.04084,15.78356],[-90.04761,15.78945],[-90.04758,15.79135],[-90.05387,15.79135],[-90.0537,15.79621],[-90.0656,15.79681],[-90.07585,15.7981],[-90.08248,15.79714],[-90.0836,15.79944],[-90.09001,15.80152],[-90.09352,15.8024],[-90.09822,15.8023],[-90.10462,15.80313],[-90.10972,15.80496],[-90.1078,15.80944],[-90.10316,15.81128],[-90.10024,15.81453],[-90.12894,15.80456],[-90.13921,15.8048],[-90.14293,15.82564],[-90.15135,15.8394],[-90.14913,15.84334],[-90.15144,15.84703],[-90.15454,15.84992],[-90.18458,15.8519],[-90.20519,15.86973],[-90.22107,15.87719],[-90.23073,15.87838],[-90.21775,15.89071],[-90.24628,15.89895],[-90.22517,15.95143],[-90.22672,15.95298],[-90.23544,15.95572],[-90.23977,15.95851],[-90.24207,15.96576],[-90.2333,15.97327],[-90.23587,15.98062],[-90.21834,15.9725],[-90.21673,15.97553],[-90.21569,15.97494],[-90.21035,15.97572],[-90.1917,15.99487],[-90.18587,15.98893],[-90.15594,15.96271],[-90.13164,15.98077],[-90.13566,15.99771],[-90.12858,16.00966],[-90.12718,16.02174],[-90.15718,16.03181],[-90.18101,16.03797],[-90.21539,16.04375],[-90.44449,16.07284]]]},"properties":{"municipio":"Chisec","departamento":"Alta Verapaz","id_municipio":"1613"}},{"type":"Feature","geometry":{"type":"Polygon","coordinates":[[[-89.4999,15.8455],[-89.50042,16.00109],[-89.50134,16.00911],[-89.50157,16.03127],[-89.50005,16.03469],[-89.50044,16.03571],[-89.49949,16.03607],[-89.50051,16.03755],[-89.4995,16.03839],[-89.5,16.03878],[-89.50109,16.03806],[-89.50283,16.03867],[-89.50257,16.03922],[-89.50137,16.03895],[-89.50214,16.04142],[-89.50154,16.04332],[-89.50446,16.04554],[-89.5052,16.04259],[-89.50438,16.03965],[-89.50834,16.0397],[-89.50879,16.03522],[-89.51219,16.03576],[-89.51241,16.03664],[-89.51111,16.03909],[-89.5119,16.03982],[-89.51009,16.04247],[-89.51343,16.04429],[-89.515,16.0431],[-89.51817,16.04401],[-89.51863,16.0418],[-89.51943,16.04138],[-89.51908,16.04268],[-89.52084,16.04471],[-89.52055,16.04724],[-89.52309,16.04828],[-89.52323,16.04989],[-89.52449,16.05151],[-89.52658,16.05092],[-89.52798,16.05294],[-89.52879,16.05241],[-89.52852,16.05104],[-89.52929,16.04939],[-89.5303,16.04933],[-89.53138,16.05027],[-89.53145,16.04916],[-89.53244,16.04801],[-89.53443,16.04739],[-89.53547,16.04795],[-89.53716,16.04495],[-89.54,16.04503],[-89.54268,16.0419],[-89.54472,16.04219],[-89.54467,16.0411],[-89.54611,16.04299],[-89.54782,16.04157],[-89.54918,16.04139],[-89.54936,16.03539],[-89.54674,16.03265],[-89.54929,16.03215],[-89.54995,16.03116],[-89.54742,16.02901],[-89.54733,16.02792],[-89.54887,16.0283],[-89.55127,16.03064],[-89.555,16.02895],[-89.55749,16.03156],[-89.55828,16.03129],[-89.55846,16.02958],[-89.55969,16.02973],[-89.56161,16.03126],[-89.56274,16.03126],[-89.5638,16.02796],[-89.56496,16.0285],[-89.56514,16.03036],[-89.56616,16.03042],[-89.56767,16.0293],[-89.56846,16.02737],[-89.57149,16.02531],[-89.56866,16.0216],[-89.5702,16.02178],[-89.57373,16.02057],[-89.57419,16.01955],[-89.57742,16.01688],[-89.57673,16.01555],[-89.57768,16.01493],[-89.57945,16.01524],[-89.58002,16.01409],[-89.58206,16.01403],[-89.58305,16.01042],[-89.58436,16.01043],[-89.58624,16.01245],[-89.58845,16.01246],[-89.58877,16.01453],[-89.58818,16.01628],[-89.58864,16.01732],[-89.59223,16.01851],[-89.59313,16.0202],[-89.59685,16.01983],[-89.59734,16.01869],[-89.59427,16.01699],[-89.59249,16.01343],[-89.59007,16.01272],[-89.59107,16.01033],[-89.59109,16.00741],[-89.59488,16.00669],[-89.59556,16.00912],[-89.59445,16.01227],[-89.5974,16.01412],[-89.59915,16.01341],[-89.60125,16.01002],[-89.60418,16.00995],[-89.6061,16.01387],[-89.60655,16.01307],[-89.61005,16.01165],[-89.6114,16.01203],[-89.61301,16.01356],[-89.61335,16.01283],[-89.61274,16.0121],[-89.61661,16.01036],[-89.61877,16.01161],[-89.61737,16.01511],[-89.6186,16.01642],[-89.61964,16.01607],[-89.61949,16.01758],[-89.62083,16.01587],[-89.62147,16.01709],[-89.62236,16.01609],[-89.62528,16.01636],[-89.62644,16.01571],[-89.62759,16.01632],[-89.62835,16.01786],[-89.62941,16.01787],[-89.62951,16.01672],[-89.63024,16.0162],[-89.63281,16.01708],[-89.63442,16.01625],[-89.63459,16.01497],[-89.6353,16.01497],[-89.6357,16.01388],[-89.63665,16.0142],[-89.63695,16.01321],[-89.63838,16.01356],[-89.63827,16.01087],[-89.63927,16.00947],[-89.63909,16.00851],[-89.63583,16.00544],[-89.63634,16.00109],[-89.63813,15.99939],[-89.64226,16.00029],[-89.64176,15.9993],[-89.64069,15.99901],[-89.6401,15.99635],[-89.64058,15.99484],[-89.64235,15.99464],[-89.6415,15.99324],[-89.64222,15.99282],[-89.64213,15.99191],[-89.64475,15.99173],[-89.64558,15.98985],[-89.64751,15.99165],[-89.64818,15.99103],[-89.64835,15.98952],[-89.64671,15.98857],[-89.64676,15.98602],[-89.64898,15.98587],[-89.64879,15.98084],[-89.65054,15.97937],[-89.64969,15.97806],[-89.65051,15.97715],[-89.65016,15.97585],[-89.65108,15.97532],[-89.65193,15.97322],[-89.65413,15.97427],[-89.6551,15.97651],[-89.65801,15.9771],[-89.65783,15.97866],[-89.66125,15.97924],[-89.66106,15.98107],[-89.66203,15.98176],[-89.66525,15.98069],[-89.6656,15.9798],[-89.66423,15.9781],[-89.66699,15.97725],[-89.66607,15.97331],[-89.66998,15.97312],[-89.67077,15.97459],[-89.67177,15.97474],[-89.67357,15.97341],[-89.67543,15.97367],[-89.6765,15.97242],[-89.67903,15.97159],[-89.68009,15.97603],[-89.68305,15.97821],[-89.68518,15.98054],[-89.68584,15.98249],[-89.68672,15.98295],[-89.68843,15.98071],[-89.69033,15.97957],[-89.68979,15.97804],[-89.69315,15.97692],[-89.69457,15.97725],[-89.69613,15.97526],[-89.69706,15.97532],[-89.69809,15.97637],[-89.69902,15.97605],[-89.69901,15.97354],[-89.70022,15.971],[-89.70295,15.96762],[-89.70142,15.96357],[-89.70383,15.96002],[-89.70686,15.95998],[-89.7079,15.96317],[-89.7118,15.96384],[-89.7128,15.96737],[-89.71397,15.96624],[-89.7143,15.96338],[-89.71683,15.96276],[-89.71754,15.96298],[-89.71753,15.96381],[-89.71582,15.96362],[-89.71519,15.96503],[-89.71896,15.96598],[-89.72029,15.96556],[-89.72156,15.96657],[-89.72404,15.96537],[-89.72596,15.96599],[-89.72812,15.96428],[-89.73128,15.96521],[-89.73245,15.96351],[-89.73294,15.96124],[-89.73513,15.96223],[-89.73531,15.96108],[-89.73613,15.9604],[-89.7374,15.96038],[-89.73846,15.95916],[-89.74064,15.9589],[-89.7424,15.95631],[-89.7445,15.95569],[-89.74555,15.9536],[-89.74777,15.95132],[-89.74766,15.94964],[-89.74361,15.94716],[-89.7419,15.9443],[-89.74322,15.94379],[-89.74391,15.94193],[-89.74554,15.94178],[-89.7467,15.94321],[-89.74858,15.94174],[-89.74881,15.94063],[-89.74771,15.93889],[-89.74933,15.93909],[-89.74971,15.93589],[-89.75166,15.93253],[-89.75451,15.93255],[-89.75578,15.93054],[-89.75653,15.93178],[-89.75753,15.93174],[-89.75858,15.92923],[-89.75692,15.92766],[-89.76005,15.92452],[-89.75936,15.92266],[-89.76007,15.92111],[-89.76399,15.921],[-89.7679,15.91945],[-89.76823,15.92026],[-89.76761,15.92087],[-89.77041,15.92117],[-89.77058,15.92295],[-89.77155,15.92406],[-89.77303,15.92415],[-89.77665,15.92271],[-89.77739,15.92186],[-89.78181,15.92269],[-89.78435,15.92044],[-89.78678,15.91934],[-89.78603,15.9181],[-89.78637,15.91598],[-89.78716,15.91614],[-89.78825,15.91781],[-89.78841,15.91579],[-89.79108,15.91711],[-89.7926,15.91604],[-89.79425,15.9106],[-89.79381,15.9087],[-89.79457,15.90801],[-89.79775,15.90906],[-89.79889,15.90795],[-89.80181,15.90941],[-89.80204,15.90805],[-89.80571,15.90751],[-89.80666,15.90872],[-89.80654,15.90993],[-89.80763,15.90966],[-89.80753,15.90787],[-89.80807,15.90754],[-89.80909,15.90922],[-89.81034,15.90893],[-89.80955,15.90785],[-89.81015,15.90729],[-89.8116,15.90881],[-89.81438,15.90957],[-89.81687,15.90895],[-89.81726,15.90962],[-89.81644,15.91056],[-89.81806,15.9097],[-89.81901,15.91016],[-89.81872,15.90904],[-89.81939,15.90835],[-89.82184,15.91026],[-89.82278,15.90987],[-89.82375,15.91107],[-89.82465,15.90976],[-89.82401,15.9071],[-89.82517,15.90507],[-89.82836,15.90777],[-89.82931,15.90626],[-89.83192,15.90748],[-89.83324,15.9069],[-89.83611,15.90695],[-89.83577,15.90864],[-89.83721,15.90759],[-89.83783,15.90602],[-89.83861,15.90615],[-89.83863,15.90747],[-89.8404,15.90693],[-89.84123,15.90583],[-89.84172,15.90673],[-89.84057,15.9083],[-89.84164,15.90853],[-89.84196,15.90934],[-89.84362,15.90908],[-89.84422,15.91111],[-89.84533,15.90837],[-89.8459,15.90877],[-89.84602,15.91028],[-89.84689,15.90925],[-89.84783,15.90962],[-89.84825,15.90896],[-89.84981,15.90972],[-89.84997,15.90825],[-89.85173,15.90852],[-89.85093,15.90581],[-89.8515,15.90504],[-89.85594,15.90538],[-89.85835,15.90437],[-89.85747,15.90645],[-89.85819,15.9071],[-89.85933,15.90621],[-89.86127,15.90689],[-89.861,15.90866],[-89.86416,15.90826],[-89.86528,15.90743],[-89.86535,15.90893],[-89.86355,15.90962],[-89.86355,15.91092],[-89.86503,15.91097],[-89.86524,15.91154],[-89.86497,15.91221],[-89.86379,15.91212],[-89.86394,15.91291],[-89.86477,15.91343],[-89.86647,15.91187],[-89.86895,15.91182],[-89.86947,15.91495],[-89.87049,15.91587],[-89.87077,15.91723],[-89.8728,15.91863],[-89.87252,15.91929],[-89.86835,15.92145],[-89.86791,15.92238],[-89.86811,15.92515],[-89.87056,15.93391],[-89.87125,15.9342],[-89.87245,15.93344],[-89.87378,15.93115],[-89.87759,15.93439],[-89.87866,15.9374],[-89.87975,15.93841],[-89.88181,15.93838],[-89.88522,15.93718],[-89.88785,15.93737],[-89.88803,15.93846],[-89.88699,15.93951],[-89.88392,15.94067],[-89.88395,15.94208],[-89.88712,15.9444],[-89.89091,15.94546],[-89.89266,15.94684],[-89.89581,15.94549],[-89.89694,15.94647],[-89.89683,15.94806],[-89.89321,15.95188],[-89.89135,15.95289],[-89.88827,15.95344],[-89.88725,15.95453],[-89.88748,15.9555],[-89.88987,15.95765],[-89.89014,15.96229],[-89.89173,15.9652],[-89.89671,15.96742],[-89.90017,15.96594],[-89.9005,15.96218],[-89.89803,15.95941],[-89.89742,15.95651],[-89.89935,15.95391],[-89.90207,15.95304],[-89.90572,15.95366],[-89.90458,15.95919],[-89.90585,15.96156],[-89.90862,15.9621],[-89.91247,15.95929],[-89.91454,15.96012],[-89.91525,15.96093],[-89.91551,15.96353],[-89.91496,15.96849],[-89.91749,15.96891],[-89.91961,15.96526],[-89.92387,15.96569],[-89.92603,15.96818],[-89.92837,15.97348],[-89.93069,15.97373],[-89.93196,15.97262],[-89.93216,15.97007],[-89.9312,15.96637],[-89.93207,15.96468],[-89.93758,15.96419],[-89.93777,15.96661],[-89.93694,15.97006],[-89.9377,15.97148],[-89.93892,15.97191],[-89.94096,15.97158],[-89.9438,15.96977],[-89.94616,15.96623],[-89.94809,15.96663],[-89.94853,15.96742],[-89.94669,15.97063],[-89.94651,15.97467],[-89.94825,15.97765],[-89.95113,15.97921],[-89.95593,15.97821],[-89.9593,15.97837],[-89.96175,15.97918],[-89.96281,15.98068],[-89.96223,15.98287],[-89.95966,15.98581],[-89.95875,15.98815],[-89.95527,15.98886],[-89.95412,15.99015],[-89.95382,15.99166],[-89.95968,15.99107],[-89.9622,15.98805],[-89.96457,15.98667],[-89.9671,15.98749],[-89.96763,15.9885],[-89.96592,15.99465],[-89.96102,15.99842],[-89.96165,16.00276],[-89.96561,16.00586],[-89.97046,16.00775],[-89.97385,16.0082],[-89.97782,16.00771],[-89.97879,16.01018],[-89.9783,16.01331],[-89.9797,16.01466],[-89.98365,16.01404],[-89.98822,16.00805],[-89.98729,16.00705],[-89.98285,16.00725],[-89.98115,16.00572],[-89.98125,16.00334],[-89.98314,15.9985],[-89.97938,15.99498],[-89.98139,15.98988],[-89.98353,15.99093],[-89.98322,15.99491],[-89.98599,15.99523],[-89.98822,15.99451],[-89.98837,15.99373],[-89.98618,15.9889],[-89.98664,15.98829],[-89.99107,15.98678],[-89.99581,15.99015],[-89.99825,15.99074],[-89.99943,15.98828],[-90.00277,15.98755],[-90.00424,15.98466],[-90.00905,15.98437],[-90.01287,15.98079],[-90.01304,15.97917],[-90.00753,15.97355],[-90.00651,15.96872],[-90.0045,15.96501],[-90.00426,15.96091],[-90.00568,15.95821],[-90.00793,15.95701],[-90.01028,15.957],[-90.01341,15.95996],[-90.01656,15.96496],[-90.01908,15.96563],[-90.0219,15.96577],[-90.02224,15.96532],[-90.02164,15.96346],[-90.01857,15.96108],[-90.01677,15.95692],[-90.01372,15.95299],[-90.0116,15.94569],[-90.01,15.94583],[-90.00435,15.94906],[-90.00145,15.94935],[-90.00052,15.94854],[-90.00077,15.94703],[-90.0032,15.9446],[-90.00462,15.94139],[-90.00318,15.93808],[-90.00014,15.93555],[-89.99803,15.93705],[-89.9977,15.9407],[-89.99458,15.94802],[-89.99415,15.95168],[-89.99458,15.9539],[-89.99566,15.95551],[-89.99538,15.95663],[-89.99373,15.95802],[-89.99143,15.95867],[-89.98991,15.95841],[-89.98903,15.95693],[-89.98927,15.94513],[-89.99179,15.94229],[-89.99251,15.94042],[-89.992,15.93873],[-89.98746,15.93471],[-89.98721,15.93298],[-89.98955,15.93055],[-89.99544,15.93113],[-89.99531,15.92847],[-89.99155,15.92771],[-89.99108,15.9258],[-89.99228,15.92419],[-89.99656,15.92238],[-89.99715,15.92072],[-89.99501,15.91815],[-89.99262,15.91366],[-89.98656,15.91421],[-89.98461,15.9138],[-89.98326,15.91218],[-89.98189,15.90779],[-89.98317,15.90547],[-89.98668,15.90395],[-89.99271,15.90662],[-89.99648,15.90622],[-89.99823,15.90503],[-89.99933,15.90243],[-89.99901,15.90129],[-89.9941,15.90311],[-89.99087,15.90193],[-89.98993,15.90076],[-89.99074,15.89771],[-89.99082,15.89403],[-89.99407,15.89058],[-89.99402,15.88923],[-89.99139,15.88848],[-89.98573,15.89135],[-89.98613,15.89749],[-89.98518,15.90002],[-89.98341,15.90108],[-89.97893,15.8992],[-89.97363,15.89833],[-89.97229,15.89664],[-89.97284,15.89454],[-89.97552,15.89262],[-89.98058,15.89281],[-89.98195,15.89172],[-89.9807,15.88937],[-89.97772,15.88756],[-89.97521,15.88822],[-89.97302,15.88976],[-89.96999,15.89006],[-89.96491,15.88384],[-89.96153,15.88263],[-89.96045,15.88312],[-89.95697,15.88753],[-89.9555,15.88852],[-89.95411,15.88831],[-89.95048,15.88525],[-89.95061,15.88435],[-89.95286,15.88292],[-89.95682,15.88213],[-89.95728,15.88164],[-89.95693,15.87981],[-89.95464,15.87732],[-89.9504,15.87611],[-89.94708,15.87329],[-89.94474,15.86993],[-89.94491,15.86904],[-89.94579,15.86863],[-89.94922,15.87017],[-89.95059,15.86889],[-89.95071,15.86286],[-89.94868,15.85692],[-89.94745,15.85498],[-89.94579,15.85406],[-89.9422,15.85375],[-89.9383,15.85473],[-89.93604,15.85393],[-89.93397,15.84967],[-89.93423,15.84485],[-89.93332,15.84375],[-89.92954,15.84274],[-89.92802,15.84134],[-89.92858,15.83649],[-89.92937,15.83494],[-89.93749,15.83472],[-89.94226,15.83126],[-89.94062,15.82556],[-89.9405,15.82288],[-89.93927,15.82019],[-89.94095,15.81654],[-89.94091,15.815],[-89.94261,15.81458],[-89.94222,15.81333],[-89.94352,15.81215],[-89.94251,15.8092],[-89.94474,15.80701],[-89.94499,15.8058],[-89.94458,15.80128],[-89.94272,15.79624],[-89.94405,15.79463],[-89.94518,15.79127],[-89.94702,15.78982],[-89.94614,15.78903],[-89.94578,15.78632],[-89.94047,15.77624],[-89.95516,15.77421],[-89.95624,15.76866],[-89.9539,15.76601],[-89.95193,15.76518],[-89.946,15.75895],[-89.94743,15.75729],[-89.9466,15.75122],[-89.94847,15.74841],[-89.94956,15.74426],[-89.95029,15.74393],[-89.95317,15.74504],[-89.95406,15.74469],[-89.95539,15.74322],[-89.95515,15.7416],[-89.95287,15.73923],[-89.95264,15.73588],[-89.94861,15.7327],[-89.93622,15.71919],[-89.93415,15.71809],[-89.71086,15.72459],[-89.70681,15.72756],[-89.69932,15.72831],[-89.69523,15.72975],[-89.69387,15.73052],[-89.69139,15.73395],[-89.6873,15.73622],[-89.68222,15.7338],[-89.67838,15.73299],[-89.67239,15.73588],[-89.67046,15.73621],[-89.66875,15.7356],[-89.66532,15.73659],[-89.66406,15.73622],[-89.66214,15.73386],[-89.65857,15.734],[-89.65689,15.73639],[-89.65659,15.73812],[-89.65258,15.74133],[-89.65153,15.74436],[-89.6495,15.74625],[-89.64894,15.75099],[-89.64622,15.75253],[-89.64538,15.7545],[-89.64314,15.75599],[-89.64311,15.75681],[-89.64593,15.75975],[-89.64622,15.7616],[-89.64278,15.76578],[-89.64355,15.7674],[-89.64286,15.77248],[-89.64404,15.77394],[-89.64312,15.77762],[-89.645,15.78108],[-89.64386,15.78258],[-89.64249,15.78265],[-89.64221,15.78689],[-89.64325,15.789],[-89.64137,15.79083],[-89.64157,15.79327],[-89.64019,15.79502],[-89.63553,15.79496],[-89.63089,15.79396],[-89.62362,15.79449],[-89.62181,15.7934],[-89.61852,15.79312],[-89.61641,15.79373],[-89.61557,15.79478],[-89.61538,15.7964],[-89.6124,15.79817],[-89.61142,15.80029],[-89.61007,15.80122],[-89.60422,15.80221],[-89.60202,15.79998],[-89.59776,15.7988],[-89.593,15.80025],[-89.58602,15.80378],[-89.57932,15.80404],[-89.57619,15.80627],[-89.57315,15.80663],[-89.56996,15.80857],[-89.56166,15.81117],[-89.55917,15.8133],[-89.55462,15.81388],[-89.55119,15.81662],[-89.55092,15.81956],[-89.5501,15.82066],[-89.54727,15.82218],[-89.54316,15.8258],[-89.54287,15.82766],[-89.54107,15.82998],[-89.53997,15.82997],[-89.53817,15.82848],[-89.53646,15.82862],[-89.53491,15.82972],[-89.53017,15.82948],[-89.526,15.83079],[-89.5191,15.83445],[-89.51643,15.83799],[-89.51037,15.84186],[-89.50805,15.84303],[-89.50121,15.84336],[-89.49995,15.84434],[-89.4999,15.8455]]]},"properties":{"municipio":"Fray Bartolomé de las Casas","departamento":"Alta Verapaz","id_municipio":"1615"}},{"type":"Feature","geometry":{"type":"Polygon","coordinates":[[[-89.98822,15.99451],[-89.98929,16.00008],[-89.99029,16.00095],[-89.99311,16.00125],[-89.99892,15.99829],[-90.00431,16.00028],[-90.00675,15.99865],[-90.00913,15.99508],[-90.01248,15.99179],[-90.01409,15.99189],[-90.01675,15.99356],[-90.01731,15.99494],[-90.01639,15.99704],[-90.01084,16.00097],[-90.01057,16.00464],[-90.01275,16.00976],[-90.01521,16.01067],[-90.02333,16.00774],[-90.02589,16.00739],[-90.02781,16.00786],[-90.03033,16.00963],[-90.03447,16.0153],[-90.03556,16.01584],[-90.03803,16.01386],[-90.03947,16.01099],[-90.038,16.00338],[-90.03854,16.0014],[-90.04188,15.99678],[-90.04373,15.99235],[-90.0451,15.9915],[-90.04719,15.99255],[-90.04948,15.99636],[-90.04937,16.01158],[-90.04988,16.01601],[-90.04942,16.01739],[-90.04601,16.02084],[-90.04561,16.02243],[-90.04853,16.02325],[-90.05422,16.01948],[-90.05956,16.01883],[-90.06215,16.02032],[-90.06316,16.02355],[-90.06305,16.0253],[-90.06126,16.02914],[-90.05573,16.03409],[-90.05247,16.04323],[-90.05156,16.04804],[-90.0547,16.04964],[-90.05799,16.04882],[-90.05954,16.04922],[-90.05987,16.05504],[-90.06601,16.05888],[-90.06689,16.06343],[-90.07083,16.0646],[-90.07263,16.07127],[-90.07458,16.07117],[-90.07561,16.06972],[-90.07712,16.07016],[-90.08017,16.0683],[-90.08108,16.06707],[-90.07873,16.06672],[-90.07991,16.06477],[-90.07946,16.06331],[-90.07804,16.06298],[-90.07759,16.06429],[-90.07698,16.06295],[-90.07744,16.06143],[-90.07874,16.061],[-90.07874,16.06021],[-90.07772,16.05974],[-90.07835,16.05782],[-90.07715,16.05572],[-90.07824,16.05362],[-90.08159,16.05147],[-90.08525,16.05054],[-90.08677,16.05124],[-90.08864,16.05394],[-90.08989,16.05318],[-90.09257,16.05447],[-90.09371,16.05435],[-90.0942,16.05621],[-90.09487,16.05627],[-90.09549,16.05516],[-90.09773,16.05548],[-90.09804,16.05215],[-90.10775,16.03602],[-90.10402,16.0364],[-90.10151,16.03373],[-90.1014,16.03285],[-90.12718,16.02174],[-90.12858,16.00966],[-90.13566,15.99771],[-90.13164,15.98077],[-90.15594,15.96271],[-90.18587,15.98893],[-90.1917,15.99487],[-90.21035,15.97572],[-90.21569,15.97494],[-90.21673,15.97553],[-90.21834,15.9725],[-90.23587,15.98062],[-90.2333,15.97327],[-90.24207,15.96576],[-90.23977,15.95851],[-90.23544,15.95572],[-90.22672,15.95298],[-90.22517,15.95143],[-90.24628,15.89895],[-90.21775,15.89071],[-90.23073,15.87838],[-90.22107,15.87719],[-90.20519,15.86973],[-90.18458,15.8519],[-90.15454,15.84992],[-90.15144,15.84703],[-90.14913,15.84334],[-90.15135,15.8394],[-90.14293,15.82564],[-90.13921,15.8048],[-90.12894,15.80456],[-90.10024,15.81453],[-90.10316,15.81128],[-90.1078,15.80944],[-90.10972,15.80496],[-90.10462,15.80313],[-90.09822,15.8023],[-90.09352,15.8024],[-90.09001,15.80152],[-90.0836,15.79944],[-90.08248,15.79714],[-90.07585,15.7981],[-90.0656,15.79681],[-90.0537,15.79621],[-90.05387,15.79135],[-90.04758,15.79135],[-90.04761,15.78945],[-90.04084,15.78356],[-90.03922,15.77604],[-90.02954,15.77387],[-90.02679,15.76964],[-90.01821,15.76856],[-90.01814,15.76549],[-89.94047,15.77624],[-89.94578,15.78632],[-89.94614,15.78903],[-89.94702,15.78982],[-89.94518,15.79127],[-89.94405,15.79463],[-89.94272,15.79624],[-89.94458,15.80128],[-89.94499,15.8058],[-89.94474,15.80701],[-89.94251,15.8092],[-89.94352,15.81215],[-89.94222,15.81333],[-89.94261,15.81458],[-89.94091,15.815],[-89.94095,15.81654],[-89.93927,15.82019],[-89.9405,15.82288],[-89.94062,15.82556],[-89.94226,15.83126],[-89.93749,15.83472],[-89.92937,15.83494],[-89.92858,15.83649],[-89.92802,15.84134],[-89.92954,15.84274],[-89.93332,15.84375],[-89.93423,15.84485],[-89.93397,15.84967],[-89.93604,15.85393],[-89.9383,15.85473],[-89.9422,15.85375],[-89.94579,15.85406],[-89.94745,15.85498],[-89.94868,15.85692],[-89.95071,15.86286],[-89.95059,15.86889],[-89.94922,15.87017],[-89.94579,15.86863],[-89.94491,15.86904],[-89.94474,15.86993],[-89.94708,15.87329],[-89.9504,15.87611],[-89.95464,15.87732],[-89.95693,15.87981],[-89.95728,15.88164],[-89.95682,15.88213],[-89.95286,15.88292],[-89.95061,15.88435],[-89.95048,15.88525],[-89.95411,15.88831],[-89.9555,15.88852],[-89.95697,15.88753],[-89.96045,15.88312],[-89.96153,15.88263],[-89.96491,15.88384],[-89.96999,15.89006],[-89.97302,15.88976],[-89.97521,15.88822],[-89.97772,15.88756],[-89.9807,15.88937],[-89.98195,15.89172],[-89.98058,15.89281],[-89.97552,15.89262],[-89.97284,15.89454],[-89.97229,15.89664],[-89.97363,15.89833],[-89.97893,15.8992],[-89.98341,15.90108],[-89.98518,15.90002],[-89.98613,15.89749],[-89.98573,15.89135],[-89.99139,15.88848],[-89.99402,15.88923],[-89.99407,15.89058],[-89.99082,15.89403],[-89.99074,15.89771],[-89.98993,15.90076],[-89.99087,15.90193],[-89.9941,15.90311],[-89.99901,15.90129],[-89.99933,15.90243],[-89.99823,15.90503],[-89.99648,15.90622],[-89.99271,15.90662],[-89.98668,15.90395],[-89.98317,15.90547],[-89.98189,15.90779],[-89.98326,15.91218],[-89.98461,15.9138],[-89.98656,15.91421],[-89.99262,15.91366],[-89.99501,15.91815],[-89.99715,15.92072],[-89.99656,15.92238],[-89.99228,15.92419],[-89.99108,15.9258],[-89.99155,15.92771],[-89.99531,15.92847],[-89.99544,15.93113],[-89.98955,15.93055],[-89.98721,15.93298],[-89.98746,15.93471],[-89.992,15.93873],[-89.99251,15.94042],[-89.99179,15.94229],[-89.98927,15.94513],[-89.98903,15.95693],[-89.98991,15.95841],[-89.99143,15.95867],[-89.99373,15.95802],[-89.99538,15.95663],[-89.99566,15.95551],[-89.99458,15.9539],[-89.99415,15.95168],[-89.99458,15.94802],[-89.9977,15.9407],[-89.99803,15.93705],[-90.00014,15.93555],[-90.00318,15.93808],[-90.00462,15.94139],[-90.0032,15.9446],[-90.00077,15.94703],[-90.00052,15.94854],[-90.00145,15.94935],[-90.00435,15.94906],[-90.01,15.94583],[-90.0116,15.94569],[-90.01372,15.95299],[-90.01677,15.95692],[-90.01857,15.96108],[-90.02164,15.96346],[-90.02224,15.96466],[-90.0219,15.96577],[-90.01656,15.96496],[-90.01341,15.95996],[-90.01028,15.957],[-90.00793,15.95701],[-90.00568,15.95821],[-90.00426,15.96091],[-90.0045,15.96501],[-90.00651,15.96872],[-90.00753,15.97355],[-90.01304,15.97917],[-90.01287,15.98079],[-90.00905,15.98437],[-90.00424,15.98466],[-90.00277,15.98755],[-89.99943,15.98828],[-89.99825,15.99074],[-89.99581,15.99015],[-89.99107,15.98678],[-89.98664,15.98829],[-89.98618,15.9889],[-89.98832,15.99292],[-89.98822,15.99451]]]},"properties":{"municipio":"Raxruhá","departamento":"Alta Verapaz","id_municipio":"1617"}},{"type":"Feature","geometry":{"type":"Polygon","coordinates":[[[-89.19061,16.45241],[-89.22293,16.42868],[-89.24515,16.42021],[-89.25208,16.41164],[-89.34656,16.4198],[-89.40043,16.43688],[-89.43421,16.44335],[-89.43282,16.44657],[-89.45101,16.45281],[-89.45036,16.45461],[-89.4605,16.45532],[-89.46363,16.45484],[-89.46712,16.45647],[-89.47284,16.46042],[-89.4728,16.46105],[-89.4784,16.46148],[-89.4884,16.46483],[-89.49049,16.46269],[-89.50007,16.46415],[-89.50856,16.46452],[-89.50894,16.46016],[-89.52026,16.46092],[-89.5209,16.45254],[-89.52691,16.4531],[-89.52711,16.44971],[-89.53221,16.45015],[-89.53181,16.45194],[-89.5386,16.45712],[-89.54014,16.45767],[-89.54094,16.449],[-89.542,16.45074],[-89.54415,16.44873],[-89.54604,16.44906],[-89.54628,16.44794],[-89.54699,16.44766],[-89.54899,16.44852],[-89.54918,16.4496],[-89.55201,16.44952],[-89.55246,16.45014],[-89.55191,16.45113],[-89.55316,16.45089],[-89.5537,16.45218],[-89.55443,16.45197],[-89.55511,16.45261],[-89.55615,16.45154],[-89.55891,16.45154],[-89.55823,16.45052],[-89.55914,16.44995],[-89.55886,16.44749],[-89.5598,16.44675],[-89.56149,16.44723],[-89.56178,16.44791],[-89.56934,16.4496],[-89.57127,16.44939],[-89.57252,16.44838],[-89.57512,16.44925],[-89.577,16.44904],[-89.58049,16.45092],[-89.58214,16.45116],[-89.58328,16.45389],[-89.5828,16.45527],[-89.5834,16.45689],[-89.58258,16.45962],[-89.58723,16.46234],[-89.58762,16.4632],[-89.58893,16.46341],[-89.59089,16.46546],[-89.59257,16.46476],[-89.5949,16.4654],[-89.59764,16.46461],[-89.60098,16.46239],[-89.60251,16.46039],[-89.60485,16.45935],[-89.60513,16.45845],[-89.60639,16.45804],[-89.60842,16.45587],[-89.6101,16.45552],[-89.61099,16.45465],[-89.61227,16.45522],[-89.61215,16.45683],[-89.61264,16.45692],[-89.61471,16.4562],[-89.61605,16.45655],[-89.61705,16.45549],[-89.61999,16.45501],[-89.62024,16.45583],[-89.61767,16.45677],[-89.61666,16.45886],[-89.61719,16.46011],[-89.6165,16.4617],[-89.61823,16.46449],[-89.62086,16.46507],[-89.62129,16.4661],[-89.62241,16.46577],[-89.6234,16.46375],[-89.62299,16.46217],[-89.62524,16.46043],[-89.62484,16.45921],[-89.62758,16.45653],[-89.6291,16.45729],[-89.63153,16.45621],[-89.63442,16.45712],[-89.63615,16.45663],[-89.6383,16.45717],[-89.63959,16.45847],[-89.6394,16.46133],[-89.63829,16.46343],[-89.64078,16.46757],[-89.63967,16.41744],[-89.64121,16.41617],[-89.644,16.41745],[-89.64519,16.41656],[-89.64674,16.41789],[-89.64646,16.41865],[-89.64808,16.4198],[-89.64677,16.42037],[-89.64868,16.42151],[-89.64895,16.42317],[-89.65141,16.42376],[-89.65134,16.42468],[-89.64978,16.4254],[-89.65095,16.42652],[-89.65261,16.42493],[-89.65325,16.42542],[-89.65316,16.42854],[-89.65515,16.4267],[-89.65584,16.42681],[-89.65643,16.42758],[-89.65543,16.42903],[-89.65692,16.42995],[-89.6577,16.42901],[-89.6584,16.43017],[-89.65898,16.42976],[-89.65909,16.43171],[-89.66187,16.4325],[-89.66318,16.43125],[-89.66531,16.43143],[-89.66601,16.43266],[-89.66502,16.43428],[-89.66919,16.43822],[-89.6707,16.43692],[-89.67488,16.43719],[-89.67569,16.43609],[-89.67762,16.43582],[-89.6826,16.43645],[-89.68595,16.43501],[-89.68994,16.4363],[-89.69149,16.43307],[-89.69341,16.43503],[-89.69496,16.43539],[-89.69994,16.43189],[-89.70204,16.43172],[-89.70412,16.43337],[-89.70483,16.43277],[-89.70384,16.43099],[-89.70693,16.43092],[-89.7083,16.42951],[-89.71069,16.42895],[-89.71384,16.42912],[-89.71591,16.43069],[-89.71698,16.42959],[-89.71958,16.42979],[-89.72129,16.42886],[-89.72397,16.42989],[-89.72532,16.4297],[-89.72548,16.43342],[-89.72693,16.43343],[-89.72758,16.43278],[-89.73524,16.43671],[-89.73965,16.43579],[-89.74011,16.43434],[-89.7425,16.43419],[-89.74341,16.43558],[-89.74789,16.43466],[-89.74943,16.43412],[-89.7502,16.43261],[-89.75116,16.43229],[-89.75148,16.43366],[-89.75385,16.43387],[-89.75897,16.42827],[-89.76169,16.42883],[-89.76385,16.42692],[-89.76507,16.42718],[-89.76834,16.42558],[-89.77029,16.42673],[-89.77218,16.42594],[-89.77374,16.42656],[-89.77538,16.42622],[-89.77716,16.42188],[-89.77905,16.42218],[-89.77836,16.41997],[-89.77899,16.41784],[-89.78067,16.41792],[-89.78274,16.42053],[-89.78418,16.41868],[-89.78318,16.41782],[-89.78343,16.41719],[-89.78555,16.41598],[-89.78625,16.41463],[-89.78985,16.41503],[-89.78974,16.41255],[-89.79149,16.41088],[-89.79202,16.40909],[-89.79262,16.41035],[-89.7943,16.41092],[-89.79531,16.40887],[-89.79585,16.40863],[-89.79728,16.41044],[-89.79787,16.41043],[-89.80036,16.40791],[-89.80155,16.4088],[-89.80439,16.408],[-89.80737,16.40913],[-89.80793,16.40862],[-89.80781,16.40756],[-89.80981,16.40705],[-89.80955,16.40277],[-89.81043,16.40243],[-89.81195,16.40385],[-89.81423,16.4028],[-89.81388,16.40141],[-89.81213,16.40216],[-89.81267,16.3999],[-89.81546,16.39922],[-89.81495,16.39811],[-89.81369,16.39824],[-89.81435,16.39708],[-89.81376,16.39515],[-89.81448,16.39487],[-89.81467,16.39595],[-89.81521,16.39604],[-89.81615,16.39474],[-89.81572,16.39326],[-89.81623,16.39243],[-89.81733,16.39145],[-89.81897,16.39168],[-89.81865,16.38918],[-89.81703,16.38945],[-89.81558,16.38845],[-89.81636,16.38702],[-89.81502,16.38507],[-89.81737,16.38268],[-89.81707,16.37972],[-89.8183,16.37824],[-89.81762,16.37702],[-89.81974,16.37383],[-89.81887,16.3696],[-89.82012,16.36975],[-89.82049,16.37122],[-89.82105,16.37117],[-89.8242,16.36123],[-89.82787,16.36028],[-89.82904,16.35893],[-89.82964,16.35678],[-89.83396,16.35378],[-89.83543,16.35077],[-89.83726,16.34879],[-89.83886,16.34932],[-89.84106,16.34889],[-89.84167,16.34678],[-89.841,16.34516],[-89.8412,16.34354],[-89.84224,16.34189],[-89.84372,16.34109],[-89.84687,16.34195],[-89.84907,16.33784],[-89.8523,16.33738],[-89.85434,16.33412],[-89.8553,16.33381],[-89.85634,16.33466],[-89.85703,16.32897],[-89.85771,16.32851],[-89.8599,16.32894],[-89.86082,16.32721],[-89.8617,16.32679],[-89.86373,16.32718],[-89.86505,16.32649],[-89.8668,16.32665],[-89.86791,16.32858],[-89.8709,16.32978],[-89.87528,16.32953],[-89.87705,16.33022],[-89.87826,16.32952],[-89.87757,16.32831],[-89.8781,16.32776],[-89.88325,16.32954],[-89.88664,16.32792],[-89.9087,16.34334],[-89.93616,16.34315],[-89.93626,16.33774],[-89.94004,16.34093],[-89.94021,16.31398],[-89.93271,16.31387],[-89.93266,16.31659],[-89.92705,16.3165],[-89.92753,16.28376],[-89.92649,16.28314],[-89.92366,16.26426],[-89.92241,16.21576],[-89.91774,16.21586],[-89.91603,16.1888],[-89.93841,16.191],[-89.93832,16.19478],[-89.94262,16.19498],[-89.94148,16.17926],[-89.93679,16.17987],[-89.93722,16.1831],[-89.92485,16.18127],[-89.9249,16.17864],[-89.91869,16.17883],[-89.91874,16.17937],[-89.91125,16.18087],[-89.91085,16.17016],[-89.87211,16.17307],[-89.85235,16.17297],[-89.85289,16.19887],[-89.84804,16.19932],[-89.83761,16.19547],[-89.82587,16.20328],[-89.81625,16.20848],[-89.82515,16.17346],[-89.75843,16.17531],[-89.76007,16.16984],[-89.75986,16.16537],[-89.74377,16.17013],[-89.73523,16.17687],[-89.66916,16.19002],[-89.61602,16.21464],[-89.62879,16.27548],[-89.61962,16.28104],[-89.61341,16.28324],[-89.60887,16.28262],[-89.60043,16.27794],[-89.59302,16.27272],[-89.57909,16.26677],[-89.57784,16.267],[-89.57746,16.26093],[-89.56528,16.26183],[-89.56077,16.24767],[-89.55948,16.24775],[-89.55758,16.25311],[-89.55114,16.2542],[-89.54022,16.25776],[-89.5392,16.25922],[-89.53184,16.25825],[-89.5314,16.25146],[-89.52799,16.25155],[-89.52756,16.25769],[-89.52421,16.25814],[-89.52432,16.25588],[-89.51689,16.25473],[-89.51259,16.25282],[-89.5113,16.258],[-89.50645,16.25371],[-89.4985,16.25834],[-89.48813,16.25547],[-89.48741,16.25931],[-89.41816,16.25968],[-89.39828,16.25717],[-89.39896,16.26393],[-89.39352,16.26415],[-89.39287,16.25641],[-89.38973,16.25597],[-89.38962,16.25718],[-89.387,16.25701],[-89.38691,16.25584],[-89.38365,16.25576],[-89.38413,16.26162],[-89.37093,16.25814],[-89.36377,16.25756],[-89.3636,16.26015],[-89.35773,16.26008],[-89.35441,16.25573],[-89.3502,16.25832],[-89.3381,16.25937],[-89.33824,16.26006],[-89.32854,16.26069],[-89.32851,16.26025],[-89.32422,16.26011],[-89.32433,16.26143],[-89.32338,16.2621],[-89.32129,16.25858],[-89.28143,16.24818],[-89.2584,16.24933],[-89.23456,16.24406],[-89.20406,16.24265],[-89.19061,16.45241]]]},"properties":{"municipio":"Poptún","departamento":"Petén","id_municipio":"1712"}},{"type":"Feature","geometry":{"type":"Polygon","coordinates":[[[-89.20406,16.24265],[-89.23456,16.24406],[-89.2584,16.24933],[-89.28143,16.24818],[-89.32129,16.25858],[-89.32338,16.2621],[-89.32433,16.26143],[-89.32422,16.26011],[-89.32851,16.26025],[-89.32854,16.26069],[-89.33824,16.26006],[-89.3381,16.25937],[-89.3502,16.25832],[-89.35441,16.25573],[-89.35773,16.26008],[-89.3636,16.26015],[-89.36377,16.25756],[-89.37093,16.25814],[-89.38413,16.26162],[-89.38365,16.25576],[-89.38691,16.25584],[-89.387,16.25701],[-89.38962,16.25718],[-89.38973,16.25597],[-89.39287,16.25641],[-89.39352,16.26415],[-89.39896,16.26393],[-89.39828,16.25717],[-89.41816,16.25968],[-89.48741,16.25931],[-89.48813,16.25547],[-89.4985,16.25834],[-89.50645,16.25371],[-89.5113,16.258],[-89.51259,16.25282],[-89.51689,16.25473],[-89.52432,16.25588],[-89.52421,16.25814],[-89.52756,16.25769],[-89.52799,16.25155],[-89.5314,16.25146],[-89.53184,16.25825],[-89.5392,16.25922],[-89.54022,16.25776],[-89.55114,16.2542],[-89.55758,16.25311],[-89.55948,16.24775],[-89.56077,16.24767],[-89.56528,16.26183],[-89.57746,16.26093],[-89.57784,16.267],[-89.57909,16.26677],[-89.59302,16.27272],[-89.60043,16.27794],[-89.60887,16.28262],[-89.61341,16.28324],[-89.61962,16.28104],[-89.62879,16.27548],[-89.61602,16.21464],[-89.66916,16.19002],[-89.73523,16.17687],[-89.74377,16.17013],[-89.75986,16.16537],[-89.76007,16.16984],[-89.75843,16.17531],[-89.82515,16.17346],[-89.81625,16.20848],[-89.82587,16.20328],[-89.83761,16.19547],[-89.84804,16.19932],[-89.85289,16.19887],[-89.85235,16.17297],[-89.87211,16.17307],[-89.89952,16.17063],[-89.89977,16.16267],[-89.89734,16.11205],[-89.89824,16.11287],[-89.89848,16.11445],[-89.90217,16.11851],[-89.90344,16.11792],[-89.90545,16.115],[-89.904,16.11277],[-89.90504,16.10897],[-89.90269,16.10638],[-89.90281,16.10468],[-89.90573,16.10329],[-89.90803,16.10417],[-89.90845,16.10253],[-89.91221,16.10119],[-89.9127,16.09973],[-89.91471,16.09851],[-89.91338,16.09716],[-89.91023,16.09709],[-89.9095,16.0965],[-89.90987,16.09375],[-89.90945,16.09246],[-89.91104,16.09018],[-89.91291,16.09106],[-89.9131,16.09035],[-89.91919,16.04873],[-89.92407,16.00073],[-89.92387,15.96569],[-89.91961,15.96526],[-89.91749,15.96891],[-89.91525,15.96867],[-89.91467,15.96785],[-89.91545,15.96466],[-89.91507,15.96057],[-89.91247,15.95929],[-89.90862,15.9621],[-89.906,15.96165],[-89.90458,15.9594],[-89.90572,15.95366],[-89.90207,15.95304],[-89.89935,15.95391],[-89.89742,15.95651],[-89.89803,15.95941],[-89.9005,15.96218],[-89.90017,15.96594],[-89.89671,15.96742],[-89.89173,15.9652],[-89.89014,15.96229],[-89.88987,15.95765],[-89.88748,15.9555],[-89.88725,15.95453],[-89.88827,15.95344],[-89.89135,15.95289],[-89.89321,15.95188],[-89.89683,15.94806],[-89.89694,15.94647],[-89.89581,15.94549],[-89.89266,15.94684],[-89.89091,15.94546],[-89.88712,15.9444],[-89.88395,15.94208],[-89.88392,15.94067],[-89.88699,15.93951],[-89.88803,15.93846],[-89.88785,15.93737],[-89.88522,15.93718],[-89.88181,15.93838],[-89.87975,15.93841],[-89.87866,15.9374],[-89.87759,15.93439],[-89.87378,15.93115],[-89.87245,15.93344],[-89.87125,15.9342],[-89.87056,15.93391],[-89.86811,15.92515],[-89.86791,15.92238],[-89.86835,15.92145],[-89.87252,15.91929],[-89.8728,15.91863],[-89.87077,15.91723],[-89.87049,15.91587],[-89.86947,15.91495],[-89.86895,15.91182],[-89.86647,15.91187],[-89.86477,15.91343],[-89.86394,15.91291],[-89.86379,15.91212],[-89.86497,15.91221],[-89.86524,15.91154],[-89.86503,15.91097],[-89.86355,15.91092],[-89.86355,15.90962],[-89.86535,15.90893],[-89.86528,15.90743],[-89.86416,15.90826],[-89.861,15.90866],[-89.86127,15.90689],[-89.85933,15.90621],[-89.85819,15.9071],[-89.85747,15.90645],[-89.85835,15.90437],[-89.85594,15.90538],[-89.8515,15.90504],[-89.85093,15.90581],[-89.85173,15.90852],[-89.84997,15.90825],[-89.84981,15.90972],[-89.84825,15.90896],[-89.84783,15.90962],[-89.84689,15.90925],[-89.84602,15.91028],[-89.8459,15.90877],[-89.84533,15.90837],[-89.84422,15.91111],[-89.84362,15.90908],[-89.84196,15.90934],[-89.84164,15.90853],[-89.84057,15.9083],[-89.84172,15.90673],[-89.84123,15.90583],[-89.8404,15.90693],[-89.83863,15.90747],[-89.83861,15.90615],[-89.83783,15.90602],[-89.83721,15.90759],[-89.83577,15.90864],[-89.83611,15.90695],[-89.83324,15.9069],[-89.83192,15.90748],[-89.82931,15.90626],[-89.82836,15.90777],[-89.82517,15.90507],[-89.82401,15.9071],[-89.82465,15.90976],[-89.82375,15.91107],[-89.82278,15.90987],[-89.82184,15.91026],[-89.81939,15.90835],[-89.81872,15.90904],[-89.81901,15.91016],[-89.81806,15.9097],[-89.81644,15.91056],[-89.81726,15.90962],[-89.81687,15.90895],[-89.81438,15.90957],[-89.8116,15.90881],[-89.81015,15.90729],[-89.80955,15.90785],[-89.81034,15.90893],[-89.80909,15.90922],[-89.80807,15.90754],[-89.80753,15.90787],[-89.80763,15.90966],[-89.80654,15.90993],[-89.80666,15.90872],[-89.80571,15.90751],[-89.80204,15.90805],[-89.80181,15.90941],[-89.79889,15.90795],[-89.79775,15.90906],[-89.79457,15.90801],[-89.79381,15.9087],[-89.79425,15.9106],[-89.7926,15.91604],[-89.79108,15.91711],[-89.78841,15.91579],[-89.78825,15.91781],[-89.78716,15.91614],[-89.78637,15.91598],[-89.78603,15.9181],[-89.78678,15.91934],[-89.78435,15.92044],[-89.78181,15.92269],[-89.77739,15.92186],[-89.77665,15.92271],[-89.77303,15.92415],[-89.77155,15.92406],[-89.77058,15.92295],[-89.77041,15.92117],[-89.76761,15.92087],[-89.76823,15.92026],[-89.7679,15.91945],[-89.76399,15.921],[-89.76007,15.92111],[-89.75936,15.92266],[-89.76005,15.92452],[-89.75692,15.92766],[-89.75858,15.92923],[-89.75753,15.93174],[-89.75653,15.93178],[-89.75578,15.93054],[-89.75451,15.93255],[-89.75166,15.93253],[-89.74971,15.93589],[-89.74933,15.93909],[-89.74771,15.93889],[-89.74881,15.94063],[-89.74858,15.94174],[-89.7467,15.94321],[-89.74554,15.94178],[-89.74391,15.94193],[-89.74322,15.94379],[-89.7419,15.9443],[-89.74361,15.94716],[-89.74766,15.94964],[-89.74777,15.95132],[-89.74555,15.9536],[-89.7445,15.95569],[-89.7424,15.95631],[-89.74064,15.9589],[-89.73846,15.95916],[-89.7374,15.96038],[-89.73613,15.9604],[-89.73531,15.96108],[-89.73513,15.96223],[-89.73294,15.96124],[-89.73245,15.96351],[-89.73128,15.96521],[-89.72812,15.96428],[-89.72596,15.96599],[-89.72404,15.96537],[-89.72156,15.96657],[-89.72029,15.96556],[-89.71896,15.96598],[-89.71519,15.96503],[-89.71582,15.96362],[-89.71753,15.96381],[-89.71754,15.96298],[-89.71683,15.96276],[-89.7143,15.96338],[-89.71397,15.96624],[-89.7128,15.96737],[-89.7118,15.96384],[-89.7079,15.96317],[-89.70686,15.95998],[-89.70383,15.96002],[-89.70142,15.96357],[-89.70295,15.96762],[-89.70022,15.971],[-89.69901,15.97354],[-89.69902,15.97605],[-89.69809,15.97637],[-89.69706,15.97532],[-89.69613,15.97526],[-89.69457,15.97725],[-89.69315,15.97692],[-89.68979,15.97804],[-89.69033,15.97957],[-89.68843,15.98071],[-89.68672,15.98295],[-89.68584,15.98249],[-89.68518,15.98054],[-89.68305,15.97821],[-89.68009,15.97603],[-89.67903,15.97159],[-89.6765,15.97242],[-89.67543,15.97367],[-89.67357,15.97341],[-89.67177,15.97474],[-89.67077,15.97459],[-89.66998,15.97312],[-89.66607,15.97331],[-89.66699,15.97725],[-89.66423,15.9781],[-89.6656,15.9798],[-89.66525,15.98069],[-89.66203,15.98176],[-89.66106,15.98107],[-89.66125,15.97924],[-89.65783,15.97866],[-89.65801,15.9771],[-89.6551,15.97651],[-89.65413,15.97427],[-89.65193,15.97322],[-89.65108,15.97532],[-89.65016,15.97585],[-89.65051,15.97715],[-89.64969,15.97806],[-89.65054,15.97937],[-89.64879,15.98084],[-89.64898,15.98587],[-89.64676,15.98602],[-89.64671,15.98857],[-89.64835,15.98952],[-89.64818,15.99103],[-89.64751,15.99165],[-89.64558,15.98985],[-89.64475,15.99173],[-89.64213,15.99191],[-89.64222,15.99282],[-89.6415,15.99324],[-89.64235,15.99464],[-89.64058,15.99484],[-89.6401,15.99635],[-89.64069,15.99901],[-89.64176,15.9993],[-89.64226,16.00029],[-89.63813,15.99939],[-89.63634,16.00109],[-89.63583,16.00544],[-89.63909,16.00851],[-89.63927,16.00947],[-89.63827,16.01087],[-89.63838,16.01356],[-89.63695,16.01321],[-89.63665,16.0142],[-89.6357,16.01388],[-89.6353,16.01497],[-89.63459,16.01497],[-89.63442,16.01625],[-89.63281,16.01708],[-89.63024,16.0162],[-89.62951,16.01672],[-89.62941,16.01787],[-89.62835,16.01786],[-89.62759,16.01632],[-89.62644,16.01571],[-89.62528,16.01636],[-89.62236,16.01609],[-89.62147,16.01709],[-89.62083,16.01587],[-89.61949,16.01758],[-89.61964,16.01607],[-89.6186,16.01642],[-89.61737,16.01511],[-89.61877,16.01161],[-89.61661,16.01036],[-89.61274,16.0121],[-89.61335,16.01283],[-89.61301,16.01356],[-89.6114,16.01203],[-89.61005,16.01165],[-89.60655,16.01307],[-89.6061,16.01387],[-89.60418,16.00995],[-89.60125,16.01002],[-89.59915,16.01341],[-89.5974,16.01412],[-89.59445,16.01227],[-89.59556,16.00912],[-89.59488,16.00669],[-89.59109,16.00741],[-89.59107,16.01033],[-89.59007,16.01272],[-89.59249,16.01343],[-89.59427,16.01699],[-89.59734,16.01869],[-89.59685,16.01983],[-89.59313,16.0202],[-89.59223,16.01851],[-89.58864,16.01732],[-89.58818,16.01628],[-89.58877,16.01453],[-89.58845,16.01246],[-89.58624,16.01245],[-89.58436,16.01043],[-89.58305,16.01042],[-89.58206,16.01403],[-89.58002,16.01409],[-89.57945,16.01524],[-89.57768,16.01493],[-89.57673,16.01555],[-89.57742,16.01688],[-89.57419,16.01955],[-89.57373,16.02057],[-89.5702,16.02178],[-89.56866,16.0216],[-89.57149,16.02531],[-89.56846,16.02737],[-89.56767,16.0293],[-89.56616,16.03042],[-89.56514,16.03036],[-89.56496,16.0285],[-89.5638,16.02796],[-89.56274,16.03126],[-89.56161,16.03126],[-89.55969,16.02973],[-89.55846,16.02958],[-89.55828,16.03129],[-89.55749,16.03156],[-89.555,16.02895],[-89.55127,16.03064],[-89.54887,16.0283],[-89.54733,16.02792],[-89.54742,16.02901],[-89.54995,16.03116],[-89.54929,16.03215],[-89.54674,16.03265],[-89.54936,16.03539],[-89.54918,16.04139],[-89.54782,16.04157],[-89.54592,16.043],[-89.54467,16.0411],[-89.54472,16.04219],[-89.54268,16.0419],[-89.54,16.04503],[-89.53733,16.04484],[-89.53547,16.04795],[-89.53443,16.04739],[-89.53258,16.04791],[-89.53145,16.04916],[-89.53138,16.05027],[-89.53014,16.04927],[-89.52915,16.04949],[-89.52849,16.05123],[-89.52879,16.05241],[-89.52819,16.05298],[-89.52658,16.05092],[-89.52458,16.05158],[-89.52323,16.04989],[-89.52309,16.04828],[-89.52055,16.04724],[-89.52084,16.04471],[-89.51908,16.04268],[-89.51943,16.04138],[-89.51863,16.0418],[-89.51817,16.04401],[-89.515,16.0431],[-89.51343,16.04429],[-89.51009,16.04247],[-89.5119,16.03982],[-89.51111,16.03909],[-89.51241,16.03664],[-89.51219,16.03576],[-89.50879,16.03522],[-89.50834,16.0397],[-89.50438,16.03965],[-89.5052,16.04259],[-89.50446,16.04554],[-89.50154,16.04332],[-89.50214,16.04142],[-89.50137,16.03895],[-89.50257,16.03922],[-89.50283,16.03867],[-89.50109,16.03806],[-89.5,16.03878],[-89.4995,16.03839],[-89.50051,16.03755],[-89.49949,16.03607],[-89.50044,16.03571],[-89.50005,16.03469],[-89.50157,16.03127],[-89.50134,16.00911],[-89.50042,16.00109],[-89.4999,15.8455],[-89.49845,15.84755],[-89.49645,15.84784],[-89.49573,15.84882],[-89.49464,15.84838],[-89.49289,15.84945],[-89.49375,15.85129],[-89.49292,15.85163],[-89.49168,15.85084],[-89.49189,15.85228],[-89.49063,15.85222],[-89.48968,15.85306],[-89.48978,15.85517],[-89.48859,15.85498],[-89.48891,15.85346],[-89.48842,15.85299],[-89.48725,15.8541],[-89.48483,15.85354],[-89.4835,15.85404],[-89.48247,15.85552],[-89.4833,15.8567],[-89.47985,15.85788],[-89.47919,15.85939],[-89.47975,15.86043],[-89.47909,15.86131],[-89.47742,15.86007],[-89.47641,15.86105],[-89.47227,15.86115],[-89.47112,15.85894],[-89.46758,15.8615],[-89.46504,15.86154],[-89.46322,15.86011],[-89.46318,15.85845],[-89.46416,15.85683],[-89.46393,15.85503],[-89.46204,15.85472],[-89.46108,15.85261],[-89.45999,15.85187],[-89.46024,15.84981],[-89.45801,15.84782],[-89.45038,15.84784],[-89.44969,15.84971],[-89.44723,15.85039],[-89.4454,15.84811],[-89.44381,15.84755],[-89.44224,15.84923],[-89.4391,15.85047],[-89.43892,15.85107],[-89.43989,15.85218],[-89.43791,15.85426],[-89.43677,15.85453],[-89.43551,15.85343],[-89.43164,15.85672],[-89.42941,15.85551],[-89.42952,15.85791],[-89.42781,15.85908],[-89.42419,15.85916],[-89.42162,15.85842],[-89.41933,15.85964],[-89.41799,15.85769],[-89.4153,15.86],[-89.4118,15.85598],[-89.40709,15.85861],[-89.40668,15.86122],[-89.40333,15.863],[-89.40324,15.86654],[-89.40045,15.86774],[-89.3994,15.86766],[-89.39827,15.86659],[-89.39597,15.86181],[-89.39394,15.86106],[-89.392,15.86145],[-89.39185,15.86322],[-89.39347,15.86604],[-89.3931,15.86781],[-89.39183,15.86845],[-89.38914,15.86685],[-89.38833,15.86717],[-89.38795,15.86848],[-89.39188,15.87227],[-89.39192,15.87374],[-89.38929,15.8745],[-89.38791,15.87374],[-89.38647,15.87156],[-89.3852,15.87127],[-89.38328,15.87255],[-89.38198,15.87518],[-89.38234,15.87602],[-89.38774,15.87705],[-89.39048,15.87978],[-89.39064,15.88074],[-89.389,15.88182],[-89.38616,15.88124],[-89.38474,15.88159],[-89.38335,15.88439],[-89.38005,15.88688],[-89.38028,15.88925],[-89.38229,15.89151],[-89.38037,15.8934],[-89.38038,15.89552],[-89.37828,15.90131],[-89.37785,15.9055],[-89.37244,15.91035],[-89.37058,15.91366],[-89.36745,15.91615],[-89.36456,15.91782],[-89.35808,15.91913],[-89.35509,15.92045],[-89.34948,15.91883],[-89.34401,15.91866],[-89.34071,15.91919],[-89.33833,15.92029],[-89.33573,15.91793],[-89.33602,15.91611],[-89.33536,15.91555],[-89.33441,15.91581],[-89.33369,15.91442],[-89.33193,15.91396],[-89.3284,15.91425],[-89.327,15.9138],[-89.32275,15.91513],[-89.32186,15.91685],[-89.3194,15.91744],[-89.31706,15.91885],[-89.31629,15.91844],[-89.31632,15.91637],[-89.31522,15.91504],[-89.31124,15.91671],[-89.30526,15.91733],[-89.29923,15.91475],[-89.29613,15.91527],[-89.29445,15.91371],[-89.29267,15.91397],[-89.29145,15.91319],[-89.29002,15.91468],[-89.2882,15.915],[-89.2868,15.91462],[-89.2861,15.91356],[-89.28003,15.91541],[-89.27892,15.91466],[-89.27554,15.91504],[-89.27354,15.91414],[-89.26851,15.91786],[-89.26807,15.91943],[-89.26542,15.92021],[-89.26347,15.91978],[-89.26224,15.91937],[-89.25895,15.91555],[-89.25612,15.91802],[-89.2528,15.91573],[-89.25105,15.91654],[-89.24882,15.91604],[-89.24713,15.91428],[-89.24181,15.91088],[-89.23883,15.91155],[-89.23746,15.9095],[-89.23471,15.90888],[-89.23034,15.90227],[-89.23091,15.8998],[-89.23067,15.89702],[-89.22852,15.89578],[-89.22454,15.89099],[-89.22426,15.89371],[-89.22576,15.89564],[-89.22469,15.91874],[-89.21977,15.99146],[-89.21647,16.06314],[-89.21153,16.13058],[-89.20936,16.17127],[-89.20562,16.22222],[-89.20583,16.22627],[-89.2052,16.22742],[-89.20406,16.24265]]]},"properties":{"municipio":"San Luis","departamento":"Petén","id_municipio":"1709"}}]}